"Product Family","Status","Documents","Volume Pricing","Architecture","Memory Type","Program Memory KBytes","Program Memory KWords","Self-write","EEPROM Data Memory","RAM","I/O Pins","Pin count","Max. CPU Speed MHz","CPU Speed MIPS","Internal Oscillator","# of A/D Ch.","Cap Touch Channels","Digital Communication","Timers","Temperature Range","Operation Voltage Range","Packages"
PIC18F1220 ,"In Production","http://www.microchip.com/stellent/idcplg?IdcService=SS_GET_PAGE&nodeId=1335&dDocName=en010264","$1.96","8","Flash","4","2","Yes","256","256","16","18","40","10","8 MHz, 32 kHz","7",," 0 -UART  , 1 -A/E/USART  , 0 -SPI  , 0 -I2C  "," 1 - 8-bit , 3 - 16-bit  , 0 - 32-bit"," -40 to 150"," 2V - 5.5V"," 18/PDIP,18/SOIC 300mil,20/SSOP 208mil,28/QFN"
PIC18F1230 ,"In Production","http://www.microchip.com/stellent/idcplg?IdcService=SS_GET_PAGE&nodeId=1335&dDocName=en022956","$2.03","8","Flash","4","2","Yes","128","256","16","18","40","10","8 MHz, 32 kHz","4",," 0 -UART  , 1 -A/E/USART  , 0 -SPI  , 0 -I2C  , 0 -MSSP(SPI/I2C)  , 0 -SSP(SPI/I2C)  "," 2 - 16-bit"," -40 to 125"," 2V - 5.5V"," 18/PDIP,18/SOIC 300mil,20/SSOP 208mil,28/QFN"
PIC18F1320 ,"In Production","http://www.microchip.com/stellent/idcplg?IdcService=SS_GET_PAGE&nodeId=1335&dDocName=en010265","$2.17","8","Flash","8","4","Yes","256","256","16","18","40","10","8 MHz, 32 kHz","7",," 0 -UART  , 1 -A/E/USART  , 0 -SPI  , 0 -I2C  "," 1 - 8-bit , 3 - 16-bit  , 0 - 32-bit"," -40 to 150"," 2V - 5.5V"," 18/PDIP,18/SOIC 300mil,20/SSOP 208mil,28/QFN"
PIC18F1330 ,"In Production","http://www.microchip.com/stellent/idcplg?IdcService=SS_GET_PAGE&nodeId=1335&dDocName=en022957","$2.24","8","Flash","8","4","Yes","128","256","16","18","40","10","8 MHz, 32 kHz","4",," 0 -UART  , 1 -A/E/USART  , 0 -SPI  , 0 -I2C  , 0 -MSSP(SPI/I2C)  , 0 -SSP(SPI/I2C)  "," 2 - 16-bit"," -40 to 125"," 2V - 5.5V"," 18/PDIP,18/SOIC 300mil,20/SSOP 208mil,28/QFN"
PIC18F13K22 ,"In Production","http://www.microchip.com/stellent/idcplg?IdcService=SS_GET_PAGE&nodeId=1335&dDocName=en538201","$1.33","8","Flash","8","4","Yes","256","256","18","20","64","16","16 MHz, 32 kHz","12","12"," 1 -A/E/USART  , 1 -MSSP(SPI/I2C)  "," 1 - 8-bit , 3 - 16-bit  , 0 - 32-bit"," -40 to 125"," 1.8V - 5.5V"," 20/PDIP,20/QFN,20/SOIC 300mil,20/SSOP 208mil"
PIC18F13K50 ,"In Production","http://www.microchip.com/stellent/idcplg?IdcService=SS_GET_PAGE&nodeId=1335&dDocName=en533925","$1.32","8","Flash","8","4","Yes","256","512","15","20","48","12","16 MHz, 32 kHz","9","9"," 1 -A/E/USART  , 1 -MSSP(SPI/I2C)  "," 1 - 8-bit , 3 - 16-bit  , 0 - 32-bit"," -40 to 125"," 1.8V - 5.5V"," 20/PDIP,20/QFN,20/SOIC 300mil,20/SSOP 208mil"
PIC18F14K22 ,"In Production","http://www.microchip.com/stellent/idcplg?IdcService=SS_GET_PAGE&nodeId=1335&dDocName=en538160","$1.47","8","Flash","16","8","Yes","256","512","18","20","64","16","16 MHz, 32 kHz","12","12"," 1 -A/E/USART  , 1 -MSSP(SPI/I2C)  "," 1 - 8-bit , 3 - 16-bit  , 0 - 32-bit"," -40 to 125"," 1.8V - 5.5V"," 20/PDIP,20/QFN,20/SOIC 300mil,20/SSOP 208mil,28/SOIC 300mil"
PIC18F14K50 ,"In Production","http://www.microchip.com/stellent/idcplg?IdcService=SS_GET_PAGE&nodeId=1335&dDocName=en533924","$1.53","8","Flash","16","8","Yes","256","768","15","20","48","12","16 MHz, 32 kHz","9","9"," 1 -A/E/USART  , 1 -MSSP(SPI/I2C)  "," 1 - 8-bit , 3 - 16-bit  , 0 - 32-bit"," -40 to 125"," 1.8V - 5.5V"," 20/PDIP,20/QFN,20/SOIC 300mil,20/SSOP 208mil,28/SOIC 300mil"
PIC18F2220 ,"In Production","http://www.microchip.com/stellent/idcplg?IdcService=SS_GET_PAGE&nodeId=1335&dDocName=en010266","$4.05","8","Flash","4","2","Yes","256","512","25","28","40","10","8 MHz, 32 kHz","10",," 0 -UART  , 1 -A/E/USART  , 0 -SPI  , 0 -I2C  , 1 -MSSP(SPI/I2C)  , 0 -SSP(SPI/I2C)  "," 1 - 8-bit , 3 - 16-bit"," -40 to 125"," 2V - 5.5V"," 28/SOIC 300mil,28/SPDIP"
PIC18F2221 ,"In Production","http://www.microchip.com/stellent/idcplg?IdcService=SS_GET_PAGE&nodeId=1335&dDocName=en024612","$1.93","8","Flash","4","2","Yes","256","512","25","28","40","10","8 MHz, 32 kHz","10",," 0 -UART  , 1 -A/E/USART  , 0 -SPI  , 0 -I2C  , 1 -MSSP(SPI/I2C)  "," 1 - 8-bit , 3 - 16-bit  , 0 - 32-bit"," -40 to 125"," 2V - 5.5V"," 28/QFN,28/SOIC 300mil,28/SPDIP,28/SSOP 208mil"
PIC18F2320 ,"In Production","http://www.microchip.com/stellent/idcplg?IdcService=SS_GET_PAGE&nodeId=1335&dDocName=en010267","$4.38","8","Flash","8","4","Yes","256","512","25","28","40","10","8 MHz, 32 kHz","10",," 0 -UART  , 1 -A/E/USART  , 0 -SPI  , 0 -I2C  , 1 -MSSP(SPI/I2C)  , 0 -SSP(SPI/I2C)  "," 1 - 8-bit , 3 - 16-bit"," -40 to 125"," 2V - 5.5V"," 28/SOIC 300mil,28/SPDIP"
PIC18F2321 ,"In Production","http://www.microchip.com/stellent/idcplg?IdcService=SS_GET_PAGE&nodeId=1335&dDocName=en024609","$2.06","8","Flash","8","4","Yes","256","512","25","28","40","10","8 MHz, 32 kHz","10",," 0 -UART  , 1 -A/E/USART  , 0 -SPI  , 0 -I2C  , 1 -MSSP(SPI/I2C)  , 0 -SSP(SPI/I2C)  "," 1 - 8-bit , 3 - 16-bit"," -40 to 125"," 2V - 5.5V"," 28/QFN,28/SOIC 300mil,28/SPDIP,28/SSOP 208mil"
PIC18F2331 ,"In Production","http://www.microchip.com/stellent/idcplg?IdcService=SS_GET_PAGE&nodeId=1335&dDocName=en010268","$3.08","8","Flash","8","4","Yes","256","768","24","28","40","10","8 MHz, 32 kHz","5",," 0 -UART  , 1 -A/E/USART  , 0 -SPI  , 0 -I2C  , 1 -SSP(SPI/I2C)  "," 1 - 8-bit , 3 - 16-bit  , 0 - 32-bit"," -40 to 125"," 2V - 5.5V"," 28/PDIP 300mil,28/QFN ,28/SOIC 300mil,28/SPDIP"
PIC18F23K20 ,"In Production","http://www.microchip.com/stellent/idcplg?IdcService=SS_GET_PAGE&nodeId=1335&dDocName=en530013","$1.23","8","Flash","8","4","Yes","256","512","25","28","64","16","16 MHz, 32 kHz","10",," 0 -UART  , 1 -A/E/USART  , 0 -SPI  , 0 -I2C  , 1 -MSSP(SPI/I2C)  "," 1 - 8-bit , 3 - 16-bit  , 0 - 32-bit"," -40 to 125"," 1.8V - 3.6V"," 28/QFN,28/SOIC 300mil,28/SPDIP,28/SSOP 208mil,28/UQFN"
PIC18F23K22 ,"In Production","http://www.microchip.com/stellent/idcplg?IdcService=SS_GET_PAGE&nodeId=1335&dDocName=en547750","$1.34","8","Flash","8","4","Yes","256","512","25","28","64","16","16 MHz, 32 kHz","17","17"," 2 -A/E/USART  , 2 -MSSP(SPI/I2C)  "," 1 - 8-bit , 3 - 16-bit  , 0 - 32-bit"," -40 to 125"," 1.8V - 5.5V"," 28/QFN,28/SOIC 300mil,28/SPDIP,28/SSOP 208mil,28/UQFN"
PIC18F2410 ,"In Production","http://www.microchip.com/stellent/idcplg?IdcService=SS_GET_PAGE&nodeId=1335&dDocName=en020415","$2.52","8","Flash","16","8","No","0","768","25","28","40","10","8 MHz, 32 kHz","10",," 0 -UART  , 1 -A/E/USART  , 0 -SPI  , 0 -I2C  , 1 -MSSP(SPI/I2C)  "," 1 - 8-bit , 3 - 16-bit  , 0 - 32-bit"," -40 to 125"," 2V - 5.5V"," 28/PDIP 300mil,28/QFN,28/SOIC 300mil"
PIC18F2420 ,"In Production","http://www.microchip.com/stellent/idcplg?IdcService=SS_GET_PAGE&nodeId=1335&dDocName=en010270","$2.73","8","Flash","16","8","Yes","256","768","25","28","40","10","8 MHz, 32 kHz","10",," 0 -UART  , 1 -A/E/USART  , 0 -SPI  , 0 -I2C  , 1 -MSSP(SPI/I2C)  "," 1 - 8-bit , 3 - 16-bit  , 0 - 32-bit"," -40 to 125"," 2V - 5.5V"," 28/QFN,28/SOIC 300mil,28/SPDIP"
PIC18F2423 ,"In Production","http://www.microchip.com/stellent/idcplg?IdcService=SS_GET_PAGE&nodeId=1335&dDocName=en026428","$3.02","8","Flash","16","8","Yes","256","768","25","28","40","10","8 MHz, 32 kHz","10",," 0 -UART  , 1 -A/E/USART  , 0 -SPI  , 0 -I2C  , 1 -MSSP(SPI/I2C)  , 0 -SSP(SPI/I2C)  "," 1 - 8-bit , 3 - 16-bit"," -40 to 125"," 2V - 5.5V"," 28/QFN,28/SOIC 300mil,28/SPDIP"
PIC18F2431 ,"In Production","http://www.microchip.com/stellent/idcplg?IdcService=SS_GET_PAGE&nodeId=1335&dDocName=en010271","$3.22","8","Flash","16","8","Yes","256","768","24","28","40","10","8 MHz, 32 kHz","5",," 0 -UART  , 1 -A/E/USART  , 0 -SPI  , 0 -I2C  , 1 -SSP(SPI/I2C)  "," 1 - 8-bit , 3 - 16-bit  , 0 - 32-bit"," -40 to 125"," 2V - 5.5V"," 28/PDIP 300mil,28/QFN,28/SOIC 300mil,28/SPDIP"
PIC18F2450 ,"In Production","http://www.microchip.com/stellent/idcplg?IdcService=SS_GET_PAGE&nodeId=1335&dDocName=en023497","$2.23","8","Flash","16","8","Yes","0","768","23","28","48","12","32 kHz","10",," 0 -UART  , 1 -A/E/USART  , 0 -SPI  , 0 -I2C  "," 1 - 8-bit , 2 - 16-bit  , 0 - 32-bit"," -40 to 85"," 2V - 5.5V"," 28/QFN,28/SOIC 300mil,28/SPDIP"
PIC18F2455 ,"In Production","http://www.microchip.com/stellent/idcplg?IdcService=SS_GET_PAGE&nodeId=1335&dDocName=en010273","$3.30","8","Flash","24","12","Yes","256","2048","24","28","48","12","8 MHz, 32 kHz","10",," 0 -UART  , 1 -A/E/USART  , 0 -SPI  , 0 -I2C  , 1 -MSSP(SPI/I2C)  "," 1 - 8-bit , 3 - 16-bit  , 0 - 32-bit"," -40 to 85"," 2V - 5.5V"," 28/PDIP 300mil,28/SOIC 300mil,28/SPDIP"
PIC18F2458 ,"In Production","http://www.microchip.com/stellent/idcplg?IdcService=SS_GET_PAGE&nodeId=1335&dDocName=en530217","$3.58","8","Flash","24","12","Yes","256","2048","24","28","48","12","8 MHz, 32 kHz","10",," 0 -UART  , 1 -A/E/USART  , 0 -SPI  , 0 -I2C  , 1 -MSSP(SPI/I2C)  "," 1 - 8-bit , 3 - 16-bit  , 0 - 32-bit"," -40 to 85"," 2V - 5.5V"," 28/SOIC 300mil,28/SPDIP"
PIC18F2480 ,"In Production","http://www.microchip.com/stellent/idcplg?IdcService=SS_GET_PAGE&nodeId=1335&dDocName=en020612","$3.72","8","Flash","16","8","Yes","256","768","25","28","40","10","8 MHz, 32 kHz","8",," 0 -UART  , 1 -A/E/USART  , 0 -SPI  , 0 -I2C  , 1 -MSSP(SPI/I2C)  , 0 -SSP(SPI/I2C)  "," 1 - 8-bit , 3 - 16-bit"," -40 to 125"," 2V - 5.5V"," 28/QFN,28/SOIC 300mil,28/SPDIP"
PIC18F24J10 ,"In Production","http://www.microchip.com/stellent/idcplg?IdcService=SS_GET_PAGE&nodeId=1335&dDocName=en024621","$1.20","8","Flash","16","8","Yes","0","1024","21","28","40","10","32 kHz","10",," 0 -UART  , 1 -A/E/USART  , 0 -SPI  , 0 -I2C  , 1 -MSSP(SPI/I2C)  , 0 -SSP(SPI/I2C)  "," 1 - 8-bit , 2 - 16-bit"," -40 to 85"," 2V - 3.6V"," 28/QFN,28/SOIC 300mil,28/SPDIP,28/SSOP 208mil"
PIC18F24J11 ,"In Production","http://www.microchip.com/stellent/idcplg?IdcService=SS_GET_PAGE&nodeId=1335&dDocName=en533683","$1.65","8","Flash","16","8","Yes","0","3800","21","28","48","12","8 MHz, 32 kHz","10","10"," 0 -UART  , 2 -A/E/USART  , 0 -SPI  , 0 -I2C  , 2 -MSSP(SPI/I2C)  , 0 -SSP(SPI/I2C)  "," 2 - 8-bit , 3 - 16-bit  , 0 - 32-bit"," -40 to 85"," 2V - 3.6V"," 28/QFN,28/SOIC 300mil,28/SPDIP,28/SSOP 208mil"
PIC18F24J50 ,"In Production","http://www.microchip.com/stellent/idcplg?IdcService=SS_GET_PAGE&nodeId=1335&dDocName=en534039","$1.86","8","Flash","16","8","Yes","0","3800","22","28","48","12","8 MHz, 32 kHz","10","10"," 0 -UART  , 2 -A/E/USART  , 0 -SPI  , 0 -I2C  , 2 -MSSP(SPI/I2C)  , 0 -SSP(SPI/I2C)  "," 2 - 8-bit , 3 - 16-bit  , 0 - 32-bit"," -40 to 85"," 2V - 3.6V"," 28/QFN,28/SOIC 300mil,28/SPDIP,28/SSOP 208mil"
PIC18F24K20 ,"In Production","http://www.microchip.com/stellent/idcplg?IdcService=SS_GET_PAGE&nodeId=1335&dDocName=en026334","$1.30","8","Flash","16","8","Yes","256","768","25","28","64","16","16 MHz, 32 kHz","10",," 0 -UART  , 1 -A/E/USART  , 0 -SPI  , 0 -I2C  , 1 -MSSP(SPI/I2C)  "," 1 - 8-bit , 3 - 16-bit  , 0 - 32-bit"," -40 to 125"," 1.8V - 3.6V"," 28/QFN,28/SOIC 300mil,28/SPDIP,28/SSOP 208mil"
PIC18F24K22 ,"In Production","http://www.microchip.com/stellent/idcplg?IdcService=SS_GET_PAGE&nodeId=1335&dDocName=en547749","$1.48","8","Flash","16","8","Yes","256","768","25","28","64","16","16 MHz, 32 kHz","17","17"," 2 -A/E/USART  , 2 -MSSP(SPI/I2C)  "," 1 - 8-bit , 3 - 16-bit  , 0 - 32-bit"," -40 to 125"," 1.8V - 5.5V"," 28/QFN,28/SOIC 300mil,28/SPDIP,28/SSOP 208mil,28/UQFN"
PIC18F2510 ,"In Production","http://www.microchip.com/stellent/idcplg?IdcService=SS_GET_PAGE&nodeId=1335&dDocName=en020416","$2.97","8","Flash","32","16","No","0","1536","25","28","40","10","8 MHz, 32 kHz","10",," 0 -UART  , 1 -A/E/USART  , 0 -SPI  , 0 -I2C  , 1 -MSSP(SPI/I2C)  , 0 -SSP(SPI/I2C)  "," 1 - 8-bit , 3 - 16-bit"," -40 to 125"," 2V - 5.5V"," 28/QFN,28/SOIC 300mil,28/SPDIP"
PIC18F2515 ,"In Production","http://www.microchip.com/stellent/idcplg?IdcService=SS_GET_PAGE&nodeId=1335&dDocName=en010275","$3.40","8","Flash","48","24","No","0","3968","25","28","40","10","8 MHz, 32 kHz","10",," 0 -UART  , 1 -A/E/USART  , 0 -SPI  , 0 -I2C  , 1 -MSSP(SPI/I2C)  , 0 -SSP(SPI/I2C)  "," 1 - 8-bit , 3 - 16-bit"," -40 to 125"," 2V - 5.5V"," 28/PDIP 300mil,28/SOIC 300mil,28/SPDIP"
PIC18F2520 ,"In Production","http://www.microchip.com/stellent/idcplg?IdcService=SS_GET_PAGE&nodeId=1335&dDocName=en010277","$3.18","8","Flash","32","16","Yes","256","1536","25","28","40","10","8 MHz, 32 kHz","10",," 0 -UART  , 1 -A/E/USART  , 0 -SPI  , 0 -I2C  , 1 -MSSP(SPI/I2C)  , 0 -SSP(SPI/I2C)  "," 1 - 8-bit , 3 - 16-bit"," -40 to 125"," 2V - 5.5V"," 28/QFN,28/SOIC 300mil,28/SPDIP"
PIC18F2523 ,"In Production","http://www.microchip.com/stellent/idcplg?IdcService=SS_GET_PAGE&nodeId=1335&dDocName=en026427","$3.46","8","Flash","32","16","Yes","256","1536","25","28","40","10","8 MHz, 32 kHz","10",," 0 -UART  , 1 -A/E/USART  , 0 -SPI  , 0 -I2C  , 1 -MSSP(SPI/I2C)  , 0 -SSP(SPI/I2C)  "," 1 - 8-bit , 3 - 16-bit"," -40 to 125"," 2V - 5.5V"," 28/QFN,28/SOIC 300mil,28/SPDIP"
PIC18F2525 ,"In Production","http://www.microchip.com/stellent/idcplg?IdcService=SS_GET_PAGE&nodeId=1335&dDocName=en010278","$3.61","8","Flash","48","24","Yes","1024","3968","25","28","40","10","8 MHz, 32 kHz","10",," 0 -UART  , 1 -A/E/USART  , 0 -SPI  , 0 -I2C  , 1 -MSSP(SPI/I2C)  , 0 -SSP(SPI/I2C)  "," 1 - 8-bit , 3 - 16-bit"," -40 to 125"," 2V - 5.5V"," 28/PDIP 300mil,28/SOIC 300mil,28/SPDIP"
PIC18F2550 ,"In Production","http://www.microchip.com/stellent/idcplg?IdcService=SS_GET_PAGE&nodeId=1335&dDocName=en010280","$3.44","8","Flash","32","16","Yes","256","2048","24","28","48","12","8 MHz, 32 kHz","10",," 0 -UART  , 1 -A/E/USART  , 0 -SPI  , 0 -I2C  , 1 -MSSP(SPI/I2C)  "," 1 - 8-bit , 3 - 16-bit  , 0 - 32-bit"," -40 to 85"," 2V - 5.5V"," 28/PDIP 300mil,28/SOIC 300mil,28/SPDIP"
PIC18F2553 ,"In Production","http://www.microchip.com/stellent/idcplg?IdcService=SS_GET_PAGE&nodeId=1335&dDocName=en530216","$4.12","8","Flash","32","16","Yes","256","2048","24","28","48","12","8 MHz, 32 kHz","10",," 0 -UART  , 1 -A/E/USART  , 0 -SPI  , 0 -I2C  , 1 -MSSP(SPI/I2C)  "," 1 - 8-bit , 3 - 16-bit  , 0 - 32-bit"," -40 to 85"," 2V - 5.5V"," 28/SOIC 300mil,28/SPDIP"
PIC18F2580 ,"In Production","http://www.microchip.com/stellent/idcplg?IdcService=SS_GET_PAGE&nodeId=1335&dDocName=en020613","$4.17","8","Flash","32","16","Yes","256","1536","25","28","40","10","8 MHz, 32 kHz","8",," 0 -UART  , 1 -A/E/USART  , 0 -SPI  , 0 -I2C  , 1 -MSSP(SPI/I2C)  , 0 -SSP(SPI/I2C)  "," 1 - 8-bit , 3 - 16-bit"," -40 to 125"," 2V - 5.5V"," 28/QFN,28/SOIC 300mil,28/SPDIP"
PIC18F2585 ,"In Production","http://www.microchip.com/stellent/idcplg?IdcService=SS_GET_PAGE&nodeId=1335&dDocName=en010282","$4.77","8","Flash","48","24","Yes","1024","3328","25","28","40","10","8 MHz, 32 kHz","8",," 0 -UART  , 1 -A/E/USART  , 0 -SPI  , 0 -I2C  , 1 -MSSP(SPI/I2C)  "," 1 - 8-bit , 3 - 16-bit  , 0 - 32-bit"," -40 to 150"," 2V - 5.5V"," 28/SOIC 300mil,28/SPDIP"
PIC18F25J10 ,"In Production","http://www.microchip.com/stellent/idcplg?IdcService=SS_GET_PAGE&nodeId=1335&dDocName=en024622","$1.27","8","Flash","32","16","Yes","0","1024","21","28","40","10","32 kHz","10",," 0 -UART  , 1 -A/E/USART  , 0 -SPI  , 0 -I2C  , 1 -MSSP(SPI/I2C)  , 0 -SSP(SPI/I2C)  "," 1 - 8-bit , 2 - 16-bit"," -40 to 85"," 2V - 3.6V"," 28/QFN,28/SOIC 300mil,28/SPDIP,28/SSOP 208mil"
PIC18F25J11 ,"In Production","http://www.microchip.com/stellent/idcplg?IdcService=SS_GET_PAGE&nodeId=1335&dDocName=en533682","$1.79","8","Flash","32","16","Yes","0","3800","21","28","48","12","8 MHz, 32 kHz","10","10"," 0 -UART  , 2 -A/E/USART  , 0 -SPI  , 0 -I2C  , 2 -MSSP(SPI/I2C)  , 0 -SSP(SPI/I2C)  "," 2 - 8-bit , 3 - 16-bit  , 0 - 32-bit"," -40 to 85"," 2V - 3.6V"," 28/QFN,28/SOIC 300mil,28/SPDIP,28/SSOP 208mil"
,"Future Product","Call for pricing","8","Flash","48","24","Yes","0","3936","21","28","48","12","8 MHz, 32 kHz","10",," 0 -UART  , 2 -A/E/USART  , 0 -SPI  , 0 -I2C  , 2 -MSSP(SPI/I2C)  , 0 -SSP(SPI/I2C)  "," 2 - 8-bit , 3 - 16-bit  , 0 - 32-bit"," -40 to 85"," 2V - 3.6V","Please call for package information"
PIC18F25J50 ,"In Production","http://www.microchip.com/stellent/idcplg?IdcService=SS_GET_PAGE&nodeId=1335&dDocName=en534040","$2.00","8","Flash","32","16","Yes","0","3800","22","28","48","12","8 MHz, 32 kHz","10","10"," 0 -UART  , 2 -A/E/USART  , 0 -SPI  , 0 -I2C  , 2 -MSSP(SPI/I2C)  , 0 -SSP(SPI/I2C)  "," 2 - 8-bit , 3 - 16-bit  , 0 - 32-bit"," -40 to 85"," 2V - 3.6V"," 28/QFN,28/SOIC 300mil,28/SPDIP,28/SSOP 208mil"
PIC18F25K20 ,"In Production","http://www.microchip.com/stellent/idcplg?IdcService=SS_GET_PAGE&nodeId=1335&dDocName=en026333","$1.37","8","Flash","32","16","Yes","256","1536","25","28","64","16","16 MHz, 32 kHz","10",," 0 -UART  , 1 -A/E/USART  , 0 -SPI  , 0 -I2C  , 1 -MSSP(SPI/I2C)  "," 1 - 8-bit , 3 - 16-bit  , 0 - 32-bit"," -40 to 125"," 1.8V - 3.6V"," 28/QFN,28/SOIC 300mil,28/SPDIP,28/SSOP 208mil"
PIC18F25K22 ,"In Production","http://www.microchip.com/stellent/idcplg?IdcService=SS_GET_PAGE&nodeId=1335&dDocName=en546240","$1.62","8","Flash","32","16","Yes","256","1536","25","28","64","16","16 MHz, 32 kHz","17",," 2 -A/E/USART  , 2 -MSSP(SPI/I2C)  "," 3 - 8-bit , 4 - 16-bit  , 0 - 32-bit"," -40 to 125"," 1.8V - 5.5V"," 28/QFN,28/SOIC 300mil,28/SPDIP,28/SSOP 208mil"
PIC18F25K80 ,"In Production","http://www.microchip.com/stellent/idcplg?IdcService=SS_GET_PAGE&nodeId=1335&dDocName=en550200","$1.90","8","Flash","32","16","Yes","1024","3648","24","28","64","16","16 MHz, 32 kHz","8","8"," 2 -A/E/USART  , 1 -MSSP(SPI/I2C)  "," 2 - 8-bit , 3 - 16-bit  , 0 - 32-bit"," -40 to 125"," 1.8V - 5.5V"," 28/QFN,28/SOIC 300mil,28/SPDIP,28/SSOP 208mil"
PIC18F2610 ,"In Production","http://www.microchip.com/stellent/idcplg?IdcService=SS_GET_PAGE&nodeId=1335&dDocName=en010283","$3.85","8","Flash","64","32","No","0","3968","25","28","40","10","8 MHz, 32 kHz","10",," 0 -UART  , 1 -A/E/USART  , 0 -SPI  , 0 -I2C  , 1 -MSSP(SPI/I2C)  , 0 -SSP(SPI/I2C)  "," 1 - 8-bit , 3 - 16-bit"," -40 to 125"," 2V - 5.5V"," 28/PDIP 300mil,28/SOIC 300mil"
PIC18F2620 ,"In Production","http://www.microchip.com/stellent/idcplg?IdcService=SS_GET_PAGE&nodeId=1335&dDocName=en010284","$4.06","8","Flash","64","32","Yes","1024","3968","25","28","40","10","8 MHz, 32 kHz","10",," 0 -UART  , 1 -A/E/USART  , 0 -SPI  , 0 -I2C  , 1 -MSSP(SPI/I2C)  , 0 -SSP(SPI/I2C)  "," 1 - 8-bit , 3 - 16-bit"," -40 to 125"," 2V - 5.5V"," 28/PDIP 300mil,28/SOIC 300mil,28/SPDIP"
PIC18F2680 ,"In Production","http://www.microchip.com/stellent/idcplg?IdcService=SS_GET_PAGE&nodeId=1335&dDocName=en010285","$5.05","8","Flash","64","32","Yes","1024","3328","25","28","40","10","8 MHz, 32 kHz","8",," 0 -UART  , 1 -A/E/USART  , 0 -SPI  , 0 -I2C  , 1 -MSSP(SPI/I2C)  "," 1 - 8-bit , 3 - 16-bit  , 0 - 32-bit"," -40 to 150"," 2V - 5.5V"," 28/SOIC 300mil,28/SPDIP"
PIC18F2682 ,"In Production","http://www.microchip.com/stellent/idcplg?IdcService=SS_GET_PAGE&nodeId=1335&dDocName=en026329","$5.50","8","Flash","80","40","Yes","1024","3328","25","28","40","10","8 MHz, 32 kHz","8",," 0 -UART  , 1 -A/E/USART  , 0 -SPI  , 0 -I2C  , 1 -MSSP(SPI/I2C)  , 0 -SSP(SPI/I2C)  "," 1 - 8-bit , 3 - 16-bit"," -40 to 125"," 2V - 5.5V"," 28/SOIC 300mil,28/SPDIP"
PIC18F2685 ,"In Production","http://www.microchip.com/stellent/idcplg?IdcService=SS_GET_PAGE&nodeId=1335&dDocName=en026328","$5.87","8","Flash","96","48","Yes","1024","3328","25","28","40","10","8 MHz, 32 kHz","8",," 0 -UART  , 1 -A/E/USART  , 0 -SPI  , 0 -I2C  , 1 -MSSP(SPI/I2C)  , 0 -SSP(SPI/I2C)  "," 1 - 8-bit , 3 - 16-bit"," -40 to 125"," 2V - 5.5V"," 28/SOIC 300mil,28/SPDIP"
PIC18F26J11 ,"In Production","http://www.microchip.com/stellent/idcplg?IdcService=SS_GET_PAGE&nodeId=1335&dDocName=en533681","$2.07","8","Flash","64","32","Yes","0","3800","21","28","48","12","8 MHz, 32 kHz","10","10"," 0 -UART  , 2 -A/E/USART  , 0 -SPI  , 0 -I2C  , 2 -MSSP(SPI/I2C)  , 0 -SSP(SPI/I2C)  "," 2 - 8-bit , 3 - 16-bit  , 0 - 32-bit"," -40 to 85"," 2V - 3.6V"," 28/QFN,28/SOIC 300mil,28/SPDIP,28/SSOP 208mil"
PIC18F26J13 ,"In Production","http://www.microchip.com/stellent/idcplg?IdcService=SS_GET_PAGE&nodeId=1335&dDocName=en548700","$2.21","8","Flash","64","32","Yes","0","3800","22","28","48","12","8 MHz, 32 kHz","10","10"," 2 -A/E/USART  , 2 -MSSP(SPI/I2C)  "," 4 - 8-bit , 4 - 16-bit  , 0 - 32-bit"," -40 to 85"," 2V - 3.6V"," 28/QFN,28/SOIC 300mil,28/SPDIP,28/SSOP 208mil"
PIC18F26J50 ,"In Production","http://www.microchip.com/stellent/idcplg?IdcService=SS_GET_PAGE&nodeId=1335&dDocName=en534041","$2.28","8","Flash","64","32","Yes","0","3800","22","28","48","12","8 MHz, 32 kHz","10","10"," 0 -UART  , 2 -A/E/USART  , 0 -SPI  , 0 -I2C  , 2 -MSSP(SPI/I2C)  , 0 -SSP(SPI/I2C)  "," 2 - 8-bit , 3 - 16-bit  , 0 - 32-bit"," -40 to 85"," 2V - 3.6V"," 28/QFN,28/SOIC 300mil,28/SPDIP,28/SSOP 208mil"
PIC18F26J53 ,"In Production","http://www.microchip.com/stellent/idcplg?IdcService=SS_GET_PAGE&nodeId=1335&dDocName=en548696","$2.42","8","Flash","64","32","Yes","0","3800","22","28","48","12","8 MHz, 32 kHz","13","10"," 2 -A/E/USART  , 2 -MSSP(SPI/I2C)  "," 4 - 8-bit , 4 - 16-bit  , 0 - 32-bit"," -40 to 85"," 2V - 3.6V"," 28/QFN,28/SOIC 300mil,28/SPDIP,28/SSOP 208mil"
PIC18F26K20 ,"In Production","http://www.microchip.com/stellent/idcplg?IdcService=SS_GET_PAGE&nodeId=1335&dDocName=en026332","$1.65","8","Flash","64","32","Yes","1024","3936","25","28","64","16","16 MHz, 32 kHz","10",," 0 -UART  , 1 -A/E/USART  , 0 -SPI  , 0 -I2C  , 1 -MSSP(SPI/I2C)  "," 1 - 8-bit , 3 - 16-bit  , 0 - 32-bit"," -40 to 125"," 1.8V - 3.6V"," 28/QFN,28/SOIC 300mil,28/SPDIP,28/SSOP 208mil"
PIC18F26K22 ,"Samples Available","http://www.microchip.com/stellent/idcplg?IdcService=SS_GET_PAGE&nodeId=1335&dDocName=en547748","$1.90","8","Flash","64","32","Yes","1024","3896","25","28","64","16","16 MHz, 32 kHz","17","17"," 0 -UART  , 2 -A/E/USART  , 2 -MSSP(SPI/I2C)  "," 3 - 8-bit , 4 - 16-bit  , 0 - 32-bit"," -40 to 125"," 1.8V - 5.5V"," 28/QFN,28/SOIC 300mil,28/SPDIP,28/SSOP 208mil"
PIC18F26K80 ,"In Production","http://www.microchip.com/stellent/idcplg?IdcService=SS_GET_PAGE&nodeId=1335&dDocName=en550199","$2.18","8","Flash","64","32","Yes","1024","3648","24","28","64","16","16 MHz, 32 kHz","8","8"," 2 -A/E/USART  , 0 -SPI  , 1 -MSSP(SPI/I2C)  "," 2 - 8-bit , 3 - 16-bit  , 0 - 32-bit"," -40 to 125"," 1.8V - 5.5V"," 28/QFN,28/SOIC 300mil,28/SPDIP,28/SSOP 208mil"
PIC18F27J13 ,"In Production","http://www.microchip.com/stellent/idcplg?IdcService=SS_GET_PAGE&nodeId=1335&dDocName=en548699","$2.45","8","Flash","128","64","Yes","0","3800","22","28","48","12","8 MHz, 32 kHz","10","10"," 2 -A/E/USART  , 2 -MSSP(SPI/I2C)  "," 4 - 8-bit , 4 - 16-bit  , 0 - 32-bit"," -40 to 85"," 2V - 3.6V"," 28/QFN,28/SOIC 300mil,28/SPDIP,28/SSOP 208mil"
PIC18F27J53 ,"In Production","http://www.microchip.com/stellent/idcplg?IdcService=SS_GET_PAGE&nodeId=1335&dDocName=en548695","$2.66","8","Flash","128","64","Yes","0","3800","22","28","48","12","8 MHz, 32 kHz","10","10"," 2 -A/E/USART  , 2 -MSSP(SPI/I2C)  "," 4 - 8-bit , 4 - 16-bit  , 0 - 32-bit"," -40 to 85"," 2V - 3.6V"," 28/QFN,28/SOIC 300mil,28/SPDIP,28/SSOP 208mil"
PIC18F4220 ,"In Production","http://www.microchip.com/stellent/idcplg?IdcService=SS_GET_PAGE&nodeId=1335&dDocName=en010286","$4.46","8","Flash","4","2","Yes","256","512","36","40","40","10","8 MHz, 32 kHz","13",," 0 -UART  , 1 -A/E/USART  , 0 -SPI  , 0 -I2C  , 1 -MSSP(SPI/I2C)  , 0 -SSP(SPI/I2C)  "," 1 - 8-bit , 3 - 16-bit"," -40 to 125"," 2V - 5.5V"," 40/PDIP,44/QFN,44/TQFP"
PIC18F4221 ,"In Production","http://www.microchip.com/stellent/idcplg?IdcService=SS_GET_PAGE&nodeId=1335&dDocName=en024611","$2.17","8","Flash","4","2","Yes","256","512","36","40","40","10","8 MHz, 32 kHz","13",," 0 -UART  , 1 -A/E/USART  , 0 -SPI  , 0 -I2C  , 1 -MSSP(SPI/I2C)  , 0 -SSP(SPI/I2C)  "," 1 - 8-bit , 3 - 16-bit"," -40 to 85"," 2V - 5.5V"," 40/PDIP,44/QFN,44/TQFP"
PIC18F4320 ,"In Production","http://www.microchip.com/stellent/idcplg?IdcService=SS_GET_PAGE&nodeId=1335&dDocName=en010287","$4.81","8","Flash","8","4","Yes","256","512","36","40","40","10","8 MHz, 32 kHz","13",," 0 -UART  , 1 -A/E/USART  , 0 -SPI  , 0 -I2C  , 1 -MSSP(SPI/I2C)  , 0 -SSP(SPI/I2C)  "," 1 - 8-bit , 3 - 16-bit"," -40 to 125"," 2V - 5.5V"," 40/PDIP,44/QFN,44/TQFP"
PIC18F4321 ,"In Production","http://www.microchip.com/stellent/idcplg?IdcService=SS_GET_PAGE&nodeId=1335&dDocName=en024610","$2.30","8","Flash","8","4","Yes","256","512","36","40","40","10","8 MHz, 32 kHz","13",," 0 -UART  , 1 -A/E/USART  , 0 -SPI  , 0 -I2C  , 1 -MSSP(SPI/I2C)  , 0 -SSP(SPI/I2C)  "," 1 - 8-bit , 3 - 16-bit"," -40 to 85"," 2V - 5.5V"," 40/PDIP,44/QFN,44/TQFP"
PIC18F4331 ,"In Production","http://www.microchip.com/stellent/idcplg?IdcService=SS_GET_PAGE&nodeId=1335&dDocName=en010288","$3.46","8","Flash","8","4","Yes","256","768","36","40","40","10","8 MHz, 32 kHz","9",," 0 -UART  , 1 -A/E/USART  , 0 -SPI  , 0 -I2C  , 1 -SSP(SPI/I2C)  "," 1 - 8-bit , 3 - 16-bit  , 0 - 32-bit"," -40 to 125"," 2V - 5.5V"," 40/PDIP,40/PDIP 600mil,44/QFN,44/TQFP"
PIC18F43K20 ,"In Production","http://www.microchip.com/stellent/idcplg?IdcService=SS_GET_PAGE&nodeId=1335&dDocName=en530012","$1.46","8","Flash","8","4","Yes","256","512","36","40","64","16","16 MHz, 32 kHz","13","14"," 0 -UART  , 1 -A/E/USART  , 0 -SPI  , 0 -I2C  , 1 -MSSP(SPI/I2C)  "," 1 - 8-bit , 3 - 16-bit  , 0 - 32-bit"," -40 to 125"," 1.8V - 3.6V"," 40/PDIP,40/UQFN,44/QFN,44/TQFP"
PIC18F43K22 ,"In Production","http://www.microchip.com/stellent/idcplg?IdcService=SS_GET_PAGE&nodeId=1335&dDocName=en547759","$1.67","8","Flash","8","4","Yes","256","512","36","40","64","16","16 MHz, 32 kHz","28","28"," 2 -A/E/USART  , 2 -MSSP(SPI/I2C)  "," 1 - 8-bit , 3 - 16-bit  , 0 - 32-bit"," -40 to 125"," 1.8V - 5.5V"," 40/PDIP,40/UQFN,44/QFN,44/TQFP"
PIC18F4410 ,"In Production","http://www.microchip.com/stellent/idcplg?IdcService=SS_GET_PAGE&nodeId=1335&dDocName=en020417","$2.73","8","Flash","16","8","No","0","768","36","40","40","10","8 MHz, 32 kHz","13",," 0 -UART  , 1 -A/E/USART  , 0 -SPI  , 0 -I2C  , 1 -MSSP(SPI/I2C)  , 0 -SSP(SPI/I2C)  "," 1 - 8-bit , 3 - 16-bit"," -40 to 125"," 2V - 5.5V"," 40/PDIP 600mil,44/QFN ,44/TQFP"
PIC18F4420 ,"In Production","http://www.microchip.com/stellent/idcplg?IdcService=SS_GET_PAGE&nodeId=1335&dDocName=en010290","$2.94","8","Flash","16","8","Yes","256","768","36","40","40","10","8 MHz, 32 kHz","13",," 0 -UART  , 1 -A/E/USART  , 0 -SPI  , 0 -I2C  , 1 -MSSP(SPI/I2C)  , 0 -SSP(SPI/I2C)  "," 1 - 8-bit , 3 - 16-bit"," -40 to 125"," 2V - 5.5V"," 40/PDIP,44/QFN,44/TQFP"
PIC18F4423 ,"In Production","http://www.microchip.com/stellent/idcplg?IdcService=SS_GET_PAGE&nodeId=1335&dDocName=en026426","$3.23","8","Flash","16","8","Yes","256","768","36","40","40","10","8 MHz, 32 kHz","13",," 0 -UART  , 1 -A/E/USART  , 0 -SPI  , 0 -I2C  , 1 -MSSP(SPI/I2C)  , 0 -SSP(SPI/I2C)  "," 1 - 8-bit , 3 - 16-bit"," -40 to 125"," 2V - 5.5V"," 40/PDIP,44/QFN,44/TQFP"
PIC18F4431 ,"In Production","http://www.microchip.com/stellent/idcplg?IdcService=SS_GET_PAGE&nodeId=1335&dDocName=en010291","$3.61","8","Flash","16","8","Yes","256","768","36","40","40","10","8 MHz, 32 kHz","9",," 0 -UART  , 1 -A/E/USART  , 0 -SPI  , 0 -I2C  , 1 -SSP(SPI/I2C)  "," 1 - 8-bit , 3 - 16-bit  , 0 - 32-bit"," -40 to 125"," 2V - 5.5V"," 40/PDIP,40/PDIP 600mil,44/QFN,44/TQFP"
PIC18F4450 ,"In Production","http://www.microchip.com/stellent/idcplg?IdcService=SS_GET_PAGE&nodeId=1335&dDocName=en023498","$2.39","8","Flash","16","8","Yes","0","768","34","40","48","12","32 kHz","13",," 0 -UART  , 1 -A/E/USART  , 0 -SPI  , 0 -I2C  "," 1 - 8-bit , 2 - 16-bit  , 0 - 32-bit"," -40 to 85"," 2V - 5.5V"," 40/PDIP,44/QFN,44/TQFP"
PIC18F4455 ,"In Production","http://www.microchip.com/stellent/idcplg?IdcService=SS_GET_PAGE&nodeId=1335&dDocName=en010293","$3.51","8","Flash","24","12","Yes","256","2048","35","40","48","12","8 MHz, 32 kHz","13",," 0 -UART  , 1 -A/E/USART  , 0 -SPI  , 0 -I2C  , 1 -MSSP(SPI/I2C)  "," 1 - 8-bit , 3 - 16-bit  , 0 - 32-bit"," -40 to 85"," 2V - 5.5V"," 40/PDIP,40/PDIP 600mil,44/QFN,44/TQFP"
PIC18F4458 ,"In Production","http://www.microchip.com/stellent/idcplg?IdcService=SS_GET_PAGE&nodeId=1335&dDocName=en530215","$3.79","8","Flash","24","12","Yes","256","2048","35","40","48","12","8 MHz, 32 kHz","13",," 0 -UART  , 1 -A/E/USART  , 0 -SPI  , 0 -I2C  , 1 -MSSP(SPI/I2C)  "," 1 - 8-bit , 3 - 16-bit  , 0 - 32-bit"," -40 to 85"," 2V - 5.5V"," 40/PDIP,44/QFN,44/TQFP"
PIC18F4480 ,"In Production","http://www.microchip.com/stellent/idcplg?IdcService=SS_GET_PAGE&nodeId=1335&dDocName=en020614","$3.93","8","Flash","16","8","Yes","256","768","36","40","40","10","8 MHz, 32 kHz","11",," 0 -UART  , 1 -A/E/USART  , 0 -SPI  , 0 -I2C  , 1 -MSSP(SPI/I2C)  , 0 -SSP(SPI/I2C)  "," 1 - 8-bit , 3 - 16-bit"," -40 to 125"," 2V - 5.5V"," 40/PDIP,44/QFN,44/TQFP"
PIC18F44J10 ,"In Production","http://www.microchip.com/stellent/idcplg?IdcService=SS_GET_PAGE&nodeId=1335&dDocName=en024620","$1.44","8","Flash","16","8","Yes","0","1024","32","40","40","10","32 kHz","13",," 0 -UART  , 1 -A/E/USART  , 0 -SPI  , 0 -I2C  , 2 -MSSP(SPI/I2C)  , 0 -SSP(SPI/I2C)  "," 1 - 8-bit , 2 - 16-bit"," -40 to 85"," 2V - 3.6V"," 40/PDIP,44/QFN,44/TQFP"
PIC18F44J11 ,"In Production","http://www.microchip.com/stellent/idcplg?IdcService=SS_GET_PAGE&nodeId=1335&dDocName=en533680","$1.95","8","Flash","16","8","Yes","0","3800","34","44","48","12","8 MHz, 32 kHz","13","13"," 0 -UART  , 2 -A/E/USART  , 0 -SPI  , 0 -I2C  , 2 -MSSP(SPI/I2C)  , 0 -SSP(SPI/I2C)  "," 2 - 8-bit , 3 - 16-bit  , 0 - 32-bit"," -40 to 85"," 2V - 3.6V"," 44/QFN,44/TQFP"
PIC18F44J50 ,"In Production","http://www.microchip.com/stellent/idcplg?IdcService=SS_GET_PAGE&nodeId=1335&dDocName=en534038","$2.16","8","Flash","16","8","Yes","0","3800","34","44","48","12","8 MHz, 32 kHz","13","13"," 0 -UART  , 2 -A/E/USART  , 0 -SPI  , 0 -I2C  , 2 -MSSP(SPI/I2C)  , 0 -SSP(SPI/I2C)  "," 2 - 8-bit , 3 - 16-bit  , 0 - 32-bit"," -40 to 85"," 2V - 3.6V"," 44/QFN,44/TQFP"
PIC18F44K20 ,"In Production","http://www.microchip.com/stellent/idcplg?IdcService=SS_GET_PAGE&nodeId=1335&dDocName=en026338","$1.53","8","Flash","16","8","Yes","256","768","36","40","64","16","16 MHz, 32 kHz","13","14"," 0 -UART  , 1 -A/E/USART  , 0 -SPI  , 0 -I2C  , 1 -MSSP(SPI/I2C)  "," 1 - 8-bit , 3 - 16-bit  , 0 - 32-bit"," -40 to 125"," 1.8V - 3.6V"," 40/PDIP,40/UQFN,44/QFN,44/TQFP"
PIC18F44K22 ,"In Production","http://www.microchip.com/stellent/idcplg?IdcService=SS_GET_PAGE&nodeId=1335&dDocName=en547758","$1.74","8","Flash","16","8","Yes","256","768","36","40","64","16","16 MHz, 32 kHz","28","28"," 2 -A/E/USART  , 2 -MSSP(SPI/I2C)  "," 1 - 8-bit , 3 - 16-bit  , 0 - 32-bit"," -40 to 125"," 1.8V - 5.5V"," 40/PDIP,40/UQFN,44/QFN,44/TQFP"
PIC18F4510 ,"In Production","http://www.microchip.com/stellent/idcplg?IdcService=SS_GET_PAGE&nodeId=1335&dDocName=en020418","$3.18","8","Flash","32","16","No","0","1536","36","40","40","10","8 MHz, 32 kHz","13",," 0 -UART  , 1 -A/E/USART  , 0 -SPI  , 0 -I2C  , 1 -MSSP(SPI/I2C)  , 0 -SSP(SPI/I2C)  "," 1 - 8-bit , 3 - 16-bit"," -40 to 125"," 2V - 5.5V"," 40/PDIP,44/QFN,44/TQFP"
PIC18F4515 ,"In Production","http://www.microchip.com/stellent/idcplg?IdcService=SS_GET_PAGE&nodeId=1335&dDocName=en010295","$3.61","8","Flash","48","24","No","0","3968","36","40","40","10","8 MHz, 32 kHz","13",," 0 -UART  , 1 -A/E/USART  , 0 -SPI  , 0 -I2C  , 1 -MSSP(SPI/I2C)  , 0 -SSP(SPI/I2C)  "," 1 - 8-bit , 3 - 16-bit"," -40 to 125"," 2V - 5.5V"," 40/PDIP 600mil,44/QFN ,44/TQFP"
PIC18F4520 ,"In Production","http://www.microchip.com/stellent/idcplg?IdcService=SS_GET_PAGE&nodeId=1335&dDocName=en010297","$3.39","8","Flash","32","16","Yes","256","1536","36","40","40","10","8 MHz, 32 kHz","13",," 0 -UART  , 1 -A/E/USART  , 0 -SPI  , 0 -I2C  , 1 -MSSP(SPI/I2C)  "," 1 - 8-bit , 3 - 16-bit  , 0 - 32-bit"," -40 to 125"," 2V - 5.5V"," 40/PDIP,44/QFN,44/TQFP"
PIC18F4523 ,"In Production","http://www.microchip.com/stellent/idcplg?IdcService=SS_GET_PAGE&nodeId=1335&dDocName=en026425","$3.67","8","Flash","32","16","Yes","256","1536","36","40","40","10","8 MHz, 32 kHz","13",," 0 -UART  , 1 -A/E/USART  , 0 -SPI  , 0 -I2C  , 1 -MSSP(SPI/I2C)  , 0 -SSP(SPI/I2C)  "," 1 - 8-bit , 3 - 16-bit"," -40 to 125"," 2V - 5.5V"," 40/PDIP,44/QFN,44/TQFP"
PIC18F4525 ,"In Production","http://www.microchip.com/stellent/idcplg?IdcService=SS_GET_PAGE&nodeId=1335&dDocName=en010298","$3.82","8","Flash","48","24","Yes","1024","3968","36","40","40","10","8 MHz, 32 kHz","13",," 0 -UART  , 1 -A/E/USART  , 0 -SPI  , 0 -I2C  , 1 -MSSP(SPI/I2C)  , 0 -SSP(SPI/I2C)  "," 1 - 8-bit , 3 - 16-bit"," -40 to 125"," 2V - 5.5V"," 40/PDIP 600mil,44/QFN ,44/TQFP"
PIC18F4550 ,"In Production","http://www.microchip.com/stellent/idcplg?IdcService=SS_GET_PAGE&nodeId=1335&dDocName=en010300","$3.65","8","Flash","32","16","Yes","256","2048","35","40","48","12","8 MHz, 32 kHz","13",," 0 -UART  , 1 -A/E/USART  , 0 -SPI  , 0 -I2C  , 1 -MSSP(SPI/I2C)  "," 1 - 8-bit , 3 - 16-bit  , 0 - 32-bit"," -40 to 85"," 2V - 5.5V"," 40/PDIP,40/PDIP 600mil,44/QFN,44/TQFP"
PIC18F4553 ,"In Production","http://www.microchip.com/stellent/idcplg?IdcService=SS_GET_PAGE&nodeId=1335&dDocName=en530214","$4.33","8","Flash","32","16","Yes","256","2048","35","40","48","12","8 MHz, 32 kHz","13",," 0 -UART  , 1 -A/E/USART  , 0 -SPI  , 0 -I2C  , 1 -MSSP(SPI/I2C)  "," 1 - 8-bit , 3 - 16-bit  , 0 - 32-bit"," -40 to 85"," 2V - 5.5V"," 40/PDIP,44/QFN,44/TQFP"
PIC18F4580 ,"In Production","http://www.microchip.com/stellent/idcplg?IdcService=SS_GET_PAGE&nodeId=1335&dDocName=en020615","$4.38","8","Flash","32","16","Yes","256","1536","36","40","40","10","8 MHz, 32 kHz","11",," 0 -UART  , 1 -A/E/USART  , 0 -SPI  , 0 -I2C  , 1 -MSSP(SPI/I2C)  , 0 -SSP(SPI/I2C)  "," 1 - 8-bit , 3 - 16-bit"," -40 to 125"," 2V - 5.5V"," 40/PDIP,44/QFN,44/TQFP"
PIC18F4585 ,"In Production","http://www.microchip.com/stellent/idcplg?IdcService=SS_GET_PAGE&nodeId=1335&dDocName=en010302","$4.98","8","Flash","48","24","Yes","1024","3328","36","40","40","10","8 MHz, 32 kHz","11",," 0 -UART  , 1 -A/E/USART  , 0 -SPI  , 0 -I2C  , 1 -MSSP(SPI/I2C)  "," 1 - 8-bit , 3 - 16-bit  , 0 - 32-bit"," -40 to 150"," 2V - 5.5V"," 40/PDIP,44/QFN,44/TQFP"
PIC18F45J10 ,"In Production","http://www.microchip.com/stellent/idcplg?IdcService=SS_GET_PAGE&nodeId=1335&dDocName=en024619","$1.51","8","Flash","32","16","Yes","0","1024","32","40","40","10","32 kHz","13",," 0 -UART  , 1 -A/E/USART  , 0 -SPI  , 0 -I2C  , 2 -MSSP(SPI/I2C)  , 0 -SSP(SPI/I2C)  "," 1 - 8-bit , 2 - 16-bit"," -40 to 85"," 2V - 3.6V"," 40/PDIP,44/QFN,44/TQFP"
PIC18F45J11 ,"In Production","http://www.microchip.com/stellent/idcplg?IdcService=SS_GET_PAGE&nodeId=1335&dDocName=en533679","$2.09","8","Flash","32","16","Yes","0","3800","34","44","48","12","8 MHz, 32 kHz","13","13"," 0 -UART  , 2 -A/E/USART  , 0 -SPI  , 0 -I2C  , 2 -MSSP(SPI/I2C)  , 0 -SSP(SPI/I2C)  "," 2 - 8-bit , 3 - 16-bit  , 0 - 32-bit"," -40 to 85"," 2V - 3.6V"," 44/QFN,44/TQFP"
,"Future Product","Call for pricing","8","Flash","48","24","Yes","0","3936","32","40","48","12","8 MHz, 32 kHz","13",," 0 -UART  , 2 -A/E/USART  , 0 -SPI  , 0 -I2C  , 2 -MSSP(SPI/I2C)  , 0 -SSP(SPI/I2C)  "," 2 - 8-bit , 3 - 16-bit  , 0 - 32-bit"," -40 to 85"," 2V - 3.6V","Please call for package information"
PIC18F45J50 ,"In Production","http://www.microchip.com/stellent/idcplg?IdcService=SS_GET_PAGE&nodeId=1335&dDocName=en534037","$2.30","8","Flash","32","16","Yes","0","3800","34","44","48","12","8 MHz, 32 kHz","13","13"," 0 -UART  , 2 -A/E/USART  , 0 -SPI  , 0 -I2C  , 2 -MSSP(SPI/I2C)  , 0 -SSP(SPI/I2C)  "," 2 - 8-bit , 3 - 16-bit  , 0 - 32-bit"," -40 to 85"," 2V - 3.6V"," 44/QFN,44/TQFP"
PIC18F45K20 ,"In Production","http://www.microchip.com/stellent/idcplg?IdcService=SS_GET_PAGE&nodeId=1335&dDocName=en026337","$1.60","8","Flash","32","16","Yes","256","1536","36","40","64","16","16 MHz, 32 kHz","13","14"," 0 -UART  , 1 -A/E/USART  , 0 -SPI  , 0 -I2C  , 1 -MSSP(SPI/I2C)  "," 1 - 8-bit , 3 - 16-bit  , 0 - 32-bit"," -40 to 125"," 1.8V - 3.6V"," 40/PDIP,40/UQFN,44/QFN,44/TQFP"
PIC18F45K22 ,"In Production","http://www.microchip.com/stellent/idcplg?IdcService=SS_GET_PAGE&nodeId=1335&dDocName=en546239","$1.88","8","Flash","32","16","Yes","256","1536","36","40","64","16","16 MHz, 32 kHz","28",," 2 -A/E/USART  , 2 -MSSP(SPI/I2C)  "," 3 - 8-bit , 4 - 16-bit  , 0 - 32-bit"," -40 to 125"," 1.8V - 5.5V"," 40/PDIP,40/UQFN,44/QFN,44/TQFP"
PIC18F45K80 ,"In Production","http://www.microchip.com/stellent/idcplg?IdcService=SS_GET_PAGE&nodeId=1335&dDocName=en550198","$2.17","8","Flash","32","16","Yes","1024","3648","35","44","64","16","16 MHz, 32 kHz","11","11"," 2 -A/E/USART  , 1 -MSSP(SPI/I2C)  , 0 -SSP(SPI/I2C)  "," 2 - 8-bit , 3 - 16-bit  , 0 - 32-bit"," -40 to 125"," 1.8V - 5.5V"," 40/PDIP,44/QFN,44/TQFP"
PIC18F4610 ,"In Production","http://www.microchip.com/stellent/idcplg?IdcService=SS_GET_PAGE&nodeId=1335&dDocName=en010303","$4.06","8","Flash","64","32","No","0","3968","36","40","40","10","8 MHz, 32 kHz","13",," 0 -UART  , 1 -A/E/USART  , 0 -SPI  , 0 -I2C  , 1 -MSSP(SPI/I2C)  , 0 -SSP(SPI/I2C)  "," 1 - 8-bit , 3 - 16-bit"," -40 to 125"," 2V - 5.5V"," 40/PDIP 600mil,44/QFN ,44/TQFP"
PIC18F4620 ,"In Production","http://www.microchip.com/stellent/idcplg?IdcService=SS_GET_PAGE&nodeId=1335&dDocName=en010304","$4.27","8","Flash","64","32","Yes","1024","3968","36","40","40","10","8 MHz, 32 kHz","13",," 0 -UART  , 1 -A/E/USART  , 0 -SPI  , 0 -I2C  , 1 -MSSP(SPI/I2C)  , 0 -SSP(SPI/I2C)  "," 1 - 8-bit , 3 - 16-bit"," -40 to 125"," 2V - 5.5V"," 40/PDIP,40/PDIP 600mil,44/QFN,44/TQFP"
PIC18F4680 ,"In Production","http://www.microchip.com/stellent/idcplg?IdcService=SS_GET_PAGE&nodeId=1335&dDocName=en010305","$5.26","8","Flash","64","32","Yes","1024","3328","36","40","40","10","8 MHz, 32 kHz","11",," 0 -UART  , 1 -A/E/USART  , 0 -SPI  , 0 -I2C  , 1 -MSSP(SPI/I2C)  "," 1 - 8-bit , 3 - 16-bit  , 0 - 32-bit"," -40 to 150"," 2V - 5.5V"," 40/PDIP,44/QFN,44/TQFP"
PIC18F4682 ,"In Production","http://www.microchip.com/stellent/idcplg?IdcService=SS_GET_PAGE&nodeId=1335&dDocName=en026325","$5.71","8","Flash","80","40","Yes","1024","3328","36","40","40","10","8 MHz, 32 kHz","11",," 0 -UART  , 1 -A/E/USART  , 0 -SPI  , 0 -I2C  , 1 -MSSP(SPI/I2C)  , 0 -SSP(SPI/I2C)  "," 1 - 8-bit , 3 - 16-bit"," -40 to 125"," 2V - 5.5V"," 40/PDIP,44/QFN,44/TQFP"
PIC18F4685 ,"In Production","http://www.microchip.com/stellent/idcplg?IdcService=SS_GET_PAGE&nodeId=1335&dDocName=en026324","$6.08","8","Flash","96","48","Yes","1024","3328","36","40","40","10","8 MHz, 32 kHz","11",," 0 -UART  , 1 -A/E/USART  , 0 -SPI  , 0 -I2C  , 1 -MSSP(SPI/I2C)  , 0 -SSP(SPI/I2C)  "," 1 - 8-bit , 3 - 16-bit"," -40 to 125"," 2V - 5.5V"," 40/PDIP,44/QFN,44/TQFP"
PIC18F46J11 ,"In Production","http://www.microchip.com/stellent/idcplg?IdcService=SS_GET_PAGE&nodeId=1335&dDocName=en533678","$2.37","8","Flash","64","32","Yes","0","3800","34","44","48","12","8 MHz, 32 kHz","13","13"," 0 -UART  , 2 -A/E/USART  , 0 -SPI  , 0 -I2C  , 2 -MSSP(SPI/I2C)  , 0 -SSP(SPI/I2C)  "," 2 - 8-bit , 3 - 16-bit  , 0 - 32-bit"," -40 to 85"," 2V - 3.6V"," 44/QFN,44/TQFP"
PIC18F46J13 ,"In Production","http://www.microchip.com/stellent/idcplg?IdcService=SS_GET_PAGE&nodeId=1335&dDocName=en548698","$2.52","8","Flash","64","32","Yes","0","3800","34","44","48","12","8 MHz, 32 kHz","13","13"," 2 -A/E/USART  , 2 -MSSP(SPI/I2C)  "," 4 - 8-bit , 4 - 16-bit  , 0 - 32-bit"," -40 to 85"," 2V - 3.6V"," 44/QFN,44/TQFP"
PIC18F46J50 ,"In Production","http://www.microchip.com/stellent/idcplg?IdcService=SS_GET_PAGE&nodeId=1335&dDocName=en539708","$2.58","8","Flash","64","32","Yes","0","3800","34","44","48","12","8 MHz, 32 kHz","13","13"," 2 -A/E/USART  , 2 -MSSP(SPI/I2C)  "," 2 - 8-bit , 3 - 16-bit  , 0 - 32-bit"," -40 to 85"," 2V - 3.6V"," 44/QFN,44/TQFP"
PIC18F46J53 ,"In Production","http://www.microchip.com/stellent/idcplg?IdcService=SS_GET_PAGE&nodeId=1335&dDocName=en548694","$2.73","8","Flash","64","32","Yes","0","3800","34","44","48","12","8 MHz, 32 kHz","13","13"," 2 -A/E/USART  , 0 -SPI  , 2 -MSSP(SPI/I2C)  "," 4 - 8-bit , 4 - 16-bit  , 0 - 32-bit"," -40 to 85"," 2V - 3.6V"," 44/QFN,44/TQFP"
PIC18F46K20 ,"In Production","http://www.microchip.com/stellent/idcplg?IdcService=SS_GET_PAGE&nodeId=1335&dDocName=en026331","$1.81","8","Flash","64","32","Yes","1024","3936","36","40","64","16","16 MHz, 32 kHz","13","14"," 0 -UART  , 1 -A/E/USART  , 0 -SPI  , 0 -I2C  , 1 -MSSP(SPI/I2C)  "," 1 - 8-bit , 3 - 16-bit  , 0 - 32-bit"," -40 to 125"," 1.8V - 3.6V"," 40/PDIP,40/UQFN,44/QFN,44/TQFP"
PIC18F46K22 ,"Future Product","http://www.microchip.com/stellent/idcplg?IdcService=SS_GET_PAGE&nodeId=1335&dDocName=en547757","$2.16","8","Flash","64","32","Yes","1024","3896","36","40","64","16","16 MHz, 32 kHz","28","28"," 2 -A/E/USART  , 2 -MSSP(SPI/I2C)  "," 3 - 8-bit , 4 - 16-bit  , 0 - 32-bit"," -40 to 125"," 1.8V - 5.5V"," 40/PDIP,40/UQFN,44/QFN,44/TQFP"
PIC18F46K80 ,"In Production","http://www.microchip.com/stellent/idcplg?IdcService=SS_GET_PAGE&nodeId=1335&dDocName=en550197","$2.45","8","Flash","64","32","Yes","1024","3648","35","44","64","16","16 MHz, 32 kHz","11","11"," 2 -A/E/USART  , 1 -SSP(SPI/I2C)  "," 2 - 8-bit , 3 - 16-bit  , 0 - 32-bit"," -40 to 125"," 1.8V - 5.5V"," 40/PDIP,44/QFN,44/TQFP"
PIC18F47J13 ,"In Production","http://www.microchip.com/stellent/idcplg?IdcService=SS_GET_PAGE&nodeId=1335&dDocName=en548815","$2.76","8","Flash","128","64","Yes","0","3800","34","44","48","12","8 MHz, 32 kHz","13","13"," 2 -A/E/USART  , 2 -MSSP(SPI/I2C)  "," 4 - 8-bit , 4 - 16-bit  , 0 - 32-bit"," -40 to 85"," 2V - 3.6V"," 44/QFN,44/TQFP"
PIC18F47J53 ,"In Production","http://www.microchip.com/stellent/idcplg?IdcService=SS_GET_PAGE&nodeId=1335&dDocName=en548693","$2.97","8","Flash","128","64","Yes","0","3800","34","44","48","12","8 MHz, 32 kHz","13","13"," 2 -A/E/USART  , 2 -MSSP(SPI/I2C)  "," 4 - 8-bit , 4 - 16-bit  , 0 - 32-bit"," -40 to 85"," 2V - 3.6V"," 44/QFN,44/TQFP"
PIC18F6310 ,"In Production","http://www.microchip.com/stellent/idcplg?IdcService=SS_GET_PAGE&nodeId=1335&dDocName=en019698","$2.52","8","Flash","8","4","No","0","768","54","64","40","10","8 MHz, 32 kHz","12",," 0 -UART  , 2 -A/E/USART  , 0 -SPI  , 0 -I2C  , 1 -MSSP(SPI/I2C)  , 0 -SSP(SPI/I2C)  "," 1 - 8-bit , 3 - 16-bit"," -40 to 125"," 2V - 5.5V"," 64/TQFP"
PIC18F6390 ,"In Production","http://www.microchip.com/stellent/idcplg?IdcService=SS_GET_PAGE&nodeId=1335&dDocName=en019705","$2.66","8","Flash","8","4","No","0","768","50","64","40","10","8 MHz, 32 kHz","12",," 0 -UART  , 2 -A/E/USART  , 0 -SPI  , 0 -I2C  , 1 -MSSP(SPI/I2C)  , 0 -SSP(SPI/I2C)  "," 1 - 8-bit , 3 - 16-bit"," -40 to 125"," 2V - 5.5V"," 64/TQFP"
PIC18F6393 ,"In Production","http://www.microchip.com/stellent/idcplg?IdcService=SS_GET_PAGE&nodeId=1335&dDocName=en530835","$2.94","8","Flash","8","4","No","0","768","50","64","40","10","8 MHz, 32 kHz","12",," 0 -UART  , 2 -A/E/USART  , 0 -SPI  , 0 -I2C  , 1 -MSSP(SPI/I2C)  "," 1 - 8-bit , 3 - 16-bit  , 0 - 32-bit"," -40 to 85"," 2V - 5.5V"," 64/TQFP"
PIC18F63J11 ,"In Production","http://www.microchip.com/stellent/idcplg?IdcService=SS_GET_PAGE&nodeId=1335&dDocName=en026365","$1.85","8","Flash","8","4","Yes","0","1024","54","64","40","10","8 MHz, 32 kHz","12",," 0 -UART  , 2 -A/E/USART  , 0 -SPI  , 0 -I2C  , 1 -MSSP(SPI/I2C)  , 0 -SSP(SPI/I2C)  "," 1 - 8-bit , 3 - 16-bit"," -40 to 85"," 2V - 3.6V"," 64/TQFP"
PIC18F63J90 ,"In Production","http://www.microchip.com/stellent/idcplg?IdcService=SS_GET_PAGE&nodeId=1335&dDocName=en026347","$2.00","8","Flash","8","4","Yes","0","1024","51","64","40","10","8 MHz, 32 kHz","12",," 0 -UART  , 2 -A/E/USART  , 0 -SPI  , 0 -I2C  , 1 -MSSP(SPI/I2C)  "," 1 - 8-bit , 3 - 16-bit  , 0 - 32-bit"," -40 to 85"," 2V - 3.6V"," 64/TQFP"
PIC18F6410 ,"In Production","http://www.microchip.com/stellent/idcplg?IdcService=SS_GET_PAGE&nodeId=1335&dDocName=en019711","$2.87","8","Flash","16","8","No","0","768","54","64","40","10","8 MHz, 32 kHz","12",," 0 -UART  , 2 -A/E/USART  , 0 -SPI  , 0 -I2C  , 1 -MSSP(SPI/I2C)  , 0 -SSP(SPI/I2C)  "," 1 - 8-bit , 3 - 16-bit"," -40 to 125"," 2V - 5.5V"," 64/TQFP"
PIC18F6490 ,"In Production","http://www.microchip.com/stellent/idcplg?IdcService=SS_GET_PAGE&nodeId=1335&dDocName=en010307","$3.01","8","Flash","16","8","No","0","768","50","64","40","10","8 MHz, 32 kHz","12",," 0 -UART  , 2 -A/E/USART  , 0 -SPI  , 0 -I2C  , 1 -MSSP(SPI/I2C)  , 0 -SSP(SPI/I2C)  "," 1 - 8-bit , 3 - 16-bit"," -40 to 125"," 2V - 5.5V"," 64/TQFP"
PIC18F6493 ,"In Production","http://www.microchip.com/stellent/idcplg?IdcService=SS_GET_PAGE&nodeId=1335&dDocName=en530834","$3.29","8","Flash","16","8","No","0","768","50","64","32","8","8 MHz, 32 kHz","12",," 0 -UART  , 2 -A/E/USART  , 0 -SPI  , 0 -I2C  , 1 -MSSP(SPI/I2C)  , 0 -SSP(SPI/I2C)  "," 1 - 8-bit , 3 - 16-bit"," -40 to 85"," 2V - 5.5V"," 64/TQFP"
PIC18F64J11 ,"In Production","http://www.microchip.com/stellent/idcplg?IdcService=SS_GET_PAGE&nodeId=1335&dDocName=en026364","$1.92","8","Flash","16","8","Yes","0","1024","54","64","40","10","8 MHz, 32 kHz","12",," 0 -UART  , 2 -A/E/USART  , 0 -SPI  , 0 -I2C  , 1 -MSSP(SPI/I2C)  , 0 -SSP(SPI/I2C)  "," 1 - 8-bit , 3 - 16-bit"," -40 to 85"," 2V - 3.6V"," 64/TQFP"
PIC18F64J90 ,"In Production","http://www.microchip.com/stellent/idcplg?IdcService=SS_GET_PAGE&nodeId=1335&dDocName=en026346","$2.06","8","Flash","16","8","Yes","0","1024","51","64","40","10","8 MHz, 32 kHz","12",," 0 -UART  , 2 -A/E/USART  , 0 -SPI  , 0 -I2C  , 1 -MSSP(SPI/I2C)  "," 1 - 8-bit , 3 - 16-bit  , 0 - 32-bit"," -40 to 85"," 2V - 3.6V"," 64/TQFP"
PIC18F6520 ,"In Production","http://www.microchip.com/stellent/idcplg?IdcService=SS_GET_PAGE&nodeId=1335&dDocName=en010308","$5.93","8","Flash","32","16","Yes","1024","2048","52","64","40","10",,"12",," 0 -UART  , 2 -A/E/USART  , 0 -SPI  , 0 -I2C  , 1 -MSSP(SPI/I2C)  , 0 -SSP(SPI/I2C)  "," 2 - 8-bit , 3 - 16-bit"," -40 to 125"," 2V - 5.5V"," 64/TQFP"
PIC18F6527 ,"In Production","http://www.microchip.com/stellent/idcplg?IdcService=SS_GET_PAGE&nodeId=1335&dDocName=en021970","$4.62","8","Flash","48","24","Yes","1024","3936","54","64","40","10","8 MHz, 32 kHz","12",," 0 -UART  , 2 -A/E/USART  , 0 -SPI  , 0 -I2C  , 2 -MSSP(SPI/I2C)  "," 2 - 8-bit , 3 - 16-bit  , 0 - 32-bit"," -40 to 85"," 2V - 5.5V"," 64/TQFP"
PIC18F65J10 ,"In Production","http://www.microchip.com/stellent/idcplg?IdcService=SS_GET_PAGE&nodeId=1335&dDocName=en022354","$1.82","8","Flash","32","16","Yes","0","2048","50","64","40","10","32 kHz","11",," 0 -UART  , 2 -A/E/USART  , 0 -SPI  , 0 -I2C  , 2 -MSSP(SPI/I2C)  , 0 -SSP(SPI/I2C)  "," 2 - 8-bit , 3 - 16-bit"," -40 to 85"," 2V - 3.6V"," 64/TQFP"
PIC18F65J11 ,"In Production","http://www.microchip.com/stellent/idcplg?IdcService=SS_GET_PAGE&nodeId=1335&dDocName=en026363","$2.02","8","Flash","32","16","Yes","0","2048","54","64","40","10","8 MHz, 32 kHz","12",," 0 -UART  , 2 -A/E/USART  , 0 -SPI  , 0 -I2C  , 1 -MSSP(SPI/I2C)  , 0 -SSP(SPI/I2C)  "," 1 - 8-bit , 3 - 16-bit"," -40 to 85"," 2V - 3.6V"," 64/TQFP"
PIC18F65J15 ,"In Production","http://www.microchip.com/stellent/idcplg?IdcService=SS_GET_PAGE&nodeId=1335&dDocName=en022355","$1.96","8","Flash","48","24","Yes","0","2048","50","64","40","10","32 kHz","11",," 0 -UART  , 2 -A/E/USART  , 0 -SPI  , 0 -I2C  , 2 -MSSP(SPI/I2C)  , 0 -SSP(SPI/I2C)  "," 2 - 8-bit , 3 - 16-bit"," -40 to 85"," 2V - 3.6V"," 64/TQFP"
PIC18F65J50 ,"In Production","http://www.microchip.com/stellent/idcplg?IdcService=SS_GET_PAGE&nodeId=1335&dDocName=en027180","$2.32","8","Flash","32","16","Yes","0","3904","49","64","48","12","8 MHz, 32 kHz","8",," 0 -UART  , 2 -A/E/USART  , 0 -SPI  , 0 -I2C  , 2 -MSSP(SPI/I2C)  "," 2 - 8-bit , 3 - 16-bit  , 0 - 32-bit"," -40 to 85"," 2V - 3.6V"," 64/TQFP"
PIC18F65J90 ,"In Production","http://www.microchip.com/stellent/idcplg?IdcService=SS_GET_PAGE&nodeId=1335&dDocName=en026345","$2.17","8","Flash","32","16","Yes","0","2048","50","64","40","10","8 MHz, 32 kHz","12",," 0 -UART  , 2 -A/E/USART  , 0 -SPI  , 0 -I2C  , 1 -MSSP(SPI/I2C)  "," 1 - 8-bit , 3 - 16-bit  , 0 - 32-bit"," -40 to 85"," 2V - 3.6V"," 64/TQFP"
PIC18F65K22 ,"In Production","http://www.microchip.com/stellent/idcplg?IdcService=SS_GET_PAGE&nodeId=1335&dDocName=en547582","$2.39","8","Flash","32","16","Yes","1024","2048","53","64","64","16","16 MHz, 32 kHz","16","16"," 2 -A/E/USART  , 2 -MSSP(SPI/I2C)  "," 4 - 8-bit , 4 - 16-bit  , 0 - 32-bit"," -40 to 125"," 1.8V - 5.5V"," 64/QFN,64/TQFP"
PIC18F65K80 ,"In Production","http://www.microchip.com/stellent/idcplg?IdcService=SS_GET_PAGE&nodeId=1335&dDocName=en550196","$2.70","8","Flash","32","16","Yes","1024","3648","54","64","64","16","16 MHz, 32 kHz","11","11"," 2 -A/E/USART  , 0 -MSSP(SPI/I2C)  , 1 -SSP(SPI/I2C)  "," 2 - 8-bit , 3 - 16-bit  , 0 - 32-bit"," -40 to 125"," 1.8V - 5.5V"," 64/QFN,64/TQFP"
PIC18F65K90 ,"In Production","http://www.microchip.com/stellent/idcplg?IdcService=SS_GET_PAGE&nodeId=1335&dDocName=en547577","$2.53","8","Flash","32","16","Yes","1024","2048","53","64","64","16","16 MHz, 32 kHz","16","16"," 0 -UART  , 2 -A/E/USART  , 2 -MSSP(SPI/I2C)  "," 4 - 8-bit , 4 - 16-bit  , 0 - 32-bit"," -40 to 125"," 1.8V - 5.5V"," 64/QFN,64/TQFP"
PIC18F6622 ,"In Production","http://www.microchip.com/stellent/idcplg?IdcService=SS_GET_PAGE&nodeId=1335&dDocName=en021969","$5.11","8","Flash","64","32","Yes","1024","3936","54","64","40","10","8 MHz, 32 kHz","12",," 0 -UART  , 2 -A/E/USART  , 0 -SPI  , 0 -I2C  , 2 -MSSP(SPI/I2C)  , 0 -SSP(SPI/I2C)  "," 2 - 8-bit , 3 - 16-bit"," -40 to 85"," 2V - 5.5V"," 64/TQFP"
PIC18F6627 ,"In Production","http://www.microchip.com/stellent/idcplg?IdcService=SS_GET_PAGE&nodeId=1335&dDocName=en010313","$6.02","8","Flash","96","48","Yes","1024","3936","54","64","40","10","8 MHz, 32 kHz","12",," 0 -UART  , 2 -A/E/USART  , 0 -SPI  , 0 -I2C  , 2 -MSSP(SPI/I2C)  "," 2 - 8-bit , 3 - 16-bit  , 0 - 32-bit"," -40 to 125"," 2V - 5.5V"," 64/TQFP"
PIC18F6628 ,"In Production","http://www.microchip.com/stellent/idcplg?IdcService=SS_GET_PAGE&nodeId=1335&dDocName=en530229","$7.10","8","Flash","96","48","Yes","1024","3936","54","64","40","10","8 MHz, 32 kHz","12",," 0 -UART  , 2 -A/E/USART  , 0 -SPI  , 0 -I2C  , 2 -MSSP(SPI/I2C)  , 0 -SSP(SPI/I2C)  "," 2 - 8-bit , 3 - 16-bit"," -40 to 125"," 2V - 5.5V"," 64/TQFP"
PIC18F66J10 ,"In Production","http://www.microchip.com/stellent/idcplg?IdcService=SS_GET_PAGE&nodeId=1335&dDocName=en022356","$2.10","8","Flash","64","32","Yes","0","2048","50","64","40","10","32 kHz","11",," 0 -UART  , 2 -A/E/USART  , 0 -SPI  , 0 -I2C  , 2 -MSSP(SPI/I2C)  , 0 -SSP(SPI/I2C)  "," 2 - 8-bit , 3 - 16-bit"," -40 to 85"," 2V - 3.6V"," 64/TQFP"
PIC18F66J11 ,"In Production","http://www.microchip.com/stellent/idcplg?IdcService=SS_GET_PAGE&nodeId=1335&dDocName=en027154","$2.32","8","Flash","64","32","Yes","0","3904","50","64","48","12","8 MHz, 32 kHz","11",," 0 -UART  , 2 -A/E/USART  , 0 -SPI  , 0 -I2C  , 2 -MSSP(SPI/I2C)  "," 2 - 8-bit , 3 - 16-bit  , 0 - 32-bit"," -40 to 85"," 2V - 3.6V"," 64/TQFP"
PIC18F66J15 ,"In Production","http://www.microchip.com/stellent/idcplg?IdcService=SS_GET_PAGE&nodeId=1335&dDocName=en020090","$2.20","8","Flash","96","48","Yes","0","3936","50","64","40","10","32 kHz","11",," 0 -UART  , 2 -A/E/USART  , 0 -SPI  , 0 -I2C  , 2 -MSSP(SPI/I2C)  , 0 -SSP(SPI/I2C)  "," 2 - 8-bit , 3 - 16-bit"," -40 to 85"," 2V - 3.6V"," 64/TQFP"
PIC18F66J16 ,"In Production","http://www.microchip.com/stellent/idcplg?IdcService=SS_GET_PAGE&nodeId=1335&dDocName=en027153","$2.45","8","Flash","96","48","Yes","0","3904","50","64","48","12","8 MHz, 32 kHz","11",," 0 -UART  , 2 -A/E/USART  , 0 -SPI  , 0 -I2C  , 2 -MSSP(SPI/I2C)  "," 2 - 8-bit , 3 - 16-bit  , 0 - 32-bit"," -40 to 85"," 2V - 3.6V"," 64/TQFP"
PIC18F66J50 ,"In Production","http://www.microchip.com/stellent/idcplg?IdcService=SS_GET_PAGE&nodeId=1335&dDocName=en027179","$2.59","8","Flash","64","32","Yes","0","3904","49","64","48","12","8 MHz, 32 kHz","8",," 0 -UART  , 2 -A/E/USART  , 0 -SPI  , 0 -I2C  , 2 -MSSP(SPI/I2C)  "," 2 - 8-bit , 3 - 16-bit  , 0 - 32-bit"," -40 to 85"," 2V - 3.6V"," 64/TQFP"
PIC18F66J55 ,"In Production","http://www.microchip.com/stellent/idcplg?IdcService=SS_GET_PAGE&nodeId=1335&dDocName=en027178","$2.72","8","Flash","96","48","Yes","0","3904","49","64","48","12","8 MHz, 32 kHz","8",," 0 -UART  , 2 -A/E/USART  , 0 -SPI  , 0 -I2C  , 2 -MSSP(SPI/I2C)  "," 2 - 8-bit , 3 - 16-bit  , 0 - 32-bit"," -40 to 85"," 2V - 3.6V"," 64/TQFP"
PIC18F66J60 ,"In Production","http://www.microchip.com/stellent/idcplg?IdcService=SS_GET_PAGE&nodeId=1335&dDocName=en026447","$3.07","8","Flash","64","32","Yes","0","3808","39","64","42","10.5","32 kHz","11",," 0 -UART  , 1 -A/E/USART  , 0 -SPI  , 0 -I2C  , 1 -MSSP(SPI/I2C)  "," 2 - 8-bit , 3 - 16-bit  , 0 - 32-bit"," -40 to 85"," 2V - 3.6V"," 64/TQFP"
PIC18F66J65 ,"In Production","http://www.microchip.com/stellent/idcplg?IdcService=SS_GET_PAGE&nodeId=1335&dDocName=en026446","$3.19","8","Flash","96","48","Yes","0","3808","39","64","42","10.5","32 kHz","11",," 0 -UART  , 1 -A/E/USART  , 0 -SPI  , 0 -I2C  , 1 -MSSP(SPI/I2C)  "," 2 - 8-bit , 3 - 16-bit  , 0 - 32-bit"," -40 to 85"," 2V - 3.6V"," 64/TQFP"
PIC18F66J90 ,"In Production","http://www.microchip.com/stellent/idcplg?IdcService=SS_GET_PAGE&nodeId=1335&dDocName=en536112","$2.48","8","Flash","64","32","Yes","0","3900","51","64","48","12","8 MHz, 32 kHz","12","12"," 2 -A/E/USART  , 1 -MSSP(SPI/I2C)  "," 1 - 8-bit , 3 - 16-bit  , 0 - 32-bit"," -40 to 85"," 2V - 3.6V"," 64/TQFP"
PIC18F66J93 ,"In Production","http://www.microchip.com/stellent/idcplg?IdcService=SS_GET_PAGE&nodeId=1335&dDocName=en541413","$2.62","8","Flash","64","32","Yes","0","3900","51","64","48","12","8 MHz, 32 kHz","12","12"," 2 -A/E/USART  , 0 -SPI  , 1 -MSSP(SPI/I2C)  "," 1 - 8-bit , 3 - 16-bit  , 0 - 32-bit"," -40 to 85"," 2V - 3.6V"," 64/TQFP"
PIC18F66K22 ,"In Production","http://www.microchip.com/stellent/idcplg?IdcService=SS_GET_PAGE&nodeId=1335&dDocName=en547581","$2.70","8","Flash","64","32","Yes","1024","3862","53","64","64","16","16 MHz, 32 kHz","16","16"," 2 -A/E/USART  , 2 -MSSP(SPI/I2C)  "," 6 - 8-bit , 5 - 16-bit  , 0 - 32-bit"," -40 to 125"," 1.8V - 5.5V"," 64/QFN,64/TQFP"
PIC18F66K80 ,"In Production","http://www.microchip.com/stellent/idcplg?IdcService=SS_GET_PAGE&nodeId=1335&dDocName=en550195","$2.98","8","Flash","64","32","Yes","1024","3648","54","64","64","16","16 MHz, 32 kHz","11","11"," 2 -A/E/USART  , 1 -MSSP(SPI/I2C)  "," 2 - 8-bit , 3 - 16-bit  , 0 - 32-bit"," -40 to 125"," 1.8V - 5.5V"," 64/QFN,64/TQFP"
PIC18F66K90 ,"In Production","http://www.microchip.com/stellent/idcplg?IdcService=SS_GET_PAGE&nodeId=1335&dDocName=en547576","$2.84","8","Flash","64","32","Yes","1024","3828","53","64","64","16","16 MHz, 32 kHz","16","16"," 0 -UART  , 2 -A/E/USART  , 2 -MSSP(SPI/I2C)  "," 6 - 8-bit , 5 - 16-bit  , 0 - 32-bit"," -40 to 125"," 1.8V - 5.5V"," 64/QFN,64/TQFP"
PIC18F6722 ,"In Production","http://www.microchip.com/stellent/idcplg?IdcService=SS_GET_PAGE&nodeId=1335&dDocName=en010316","$6.86","8","Flash","128","64","Yes","1024","3936","54","64","40","10","8 MHz, 32 kHz","12",," 0 -UART  , 2 -A/E/USART  , 0 -SPI  , 0 -I2C  , 2 -MSSP(SPI/I2C)  , 0 -SSP(SPI/I2C)  "," 2 - 8-bit , 3 - 16-bit"," -40 to 125"," 2V - 5.5V"," 64/TQFP"
PIC18F6723 ,"In Production","http://www.microchip.com/stellent/idcplg?IdcService=SS_GET_PAGE&nodeId=1335&dDocName=en530222","$7.99","8","Flash","128","64","Yes","1024","3936","54","64","40","10","8 MHz, 32 kHz","12",," 0 -UART  , 2 -A/E/USART  , 0 -SPI  , 0 -I2C  , 2 -MSSP(SPI/I2C)  , 0 -SSP(SPI/I2C)  "," 2 - 8-bit , 3 - 16-bit"," -40 to 125"," 2V - 5.5V"," 64/TQFP"
PIC18F67J10 ,"In Production","http://www.microchip.com/stellent/idcplg?IdcService=SS_GET_PAGE&nodeId=1335&dDocName=en020089","$2.31","8","Flash","128","64","Yes","0","3936","50","64","40","10","32 kHz","11",," 0 -UART  , 2 -A/E/USART  , 0 -SPI  , 0 -I2C  , 2 -MSSP(SPI/I2C)  , 0 -SSP(SPI/I2C)  "," 2 - 8-bit , 3 - 16-bit"," -40 to 85"," 2V - 3.6V"," 64/TQFP"
PIC18F67J11 ,"In Production","http://www.microchip.com/stellent/idcplg?IdcService=SS_GET_PAGE&nodeId=1335&dDocName=en027152","$2.56","8","Flash","128","64","Yes","0","3904","50","64","48","12","8 MHz, 32 kHz","11",," 0 -UART  , 2 -A/E/USART  , 0 -SPI  , 0 -I2C  , 2 -MSSP(SPI/I2C)  "," 2 - 8-bit , 3 - 16-bit  , 0 - 32-bit"," -40 to 85"," 2V - 3.6V"," 64/TQFP"
PIC18F67J50 ,"In Production","http://www.microchip.com/stellent/idcplg?IdcService=SS_GET_PAGE&nodeId=1335&dDocName=en027177","$2.83","8","Flash","128","64","Yes","0","3904","49","64","48","12","8 MHz, 32 kHz","8",," 0 -UART  , 2 -A/E/USART  , 0 -SPI  , 0 -I2C  , 2 -MSSP(SPI/I2C)  "," 2 - 8-bit , 3 - 16-bit  , 0 - 32-bit"," -40 to 85"," 2V - 3.6V"," 64/TQFP"
PIC18F67J60 ,"In Production","http://www.microchip.com/stellent/idcplg?IdcService=SS_GET_PAGE&nodeId=1335&dDocName=en026445","$3.30","8","Flash","128","64","Yes","0","3808","39","64","42","10.5","32 kHz","11",," 0 -UART  , 1 -A/E/USART  , 0 -SPI  , 0 -I2C  , 1 -MSSP(SPI/I2C)  "," 2 - 8-bit , 3 - 16-bit  , 0 - 32-bit"," -40 to 85"," 2V - 3.6V"," 64/TQFP"
PIC18F67J90 ,"In Production","http://www.microchip.com/stellent/idcplg?IdcService=SS_GET_PAGE&nodeId=1335&dDocName=en536113","$2.72","8","Flash","128","64","Yes","0","3900","51","64","48","12","8 MHz, 32 kHz","12","12"," 2 -A/E/USART  , 1 -MSSP(SPI/I2C)  "," 1 - 8-bit , 3 - 16-bit  , 0 - 32-bit"," -40 to 85"," 2V - 3.6V"," 64/TQFP"
PIC18F67J93 ,"In Production","http://www.microchip.com/stellent/idcplg?IdcService=SS_GET_PAGE&nodeId=1335&dDocName=en541412","$2.86","8","Flash","128","64","Yes","0","3900","51","64","48","12","8 MHz, 32 kHz","12","12"," 2 -A/E/USART  , 1 -MSSP(SPI/I2C)  "," 3 - 8-bit , 1 - 16-bit  , 0 - 32-bit"," -40 to 85"," 2V - 3.6V"," 64/TQFP"
PIC18F67K22 ,"In Production","http://www.microchip.com/stellent/idcplg?IdcService=SS_GET_PAGE&nodeId=1335&dDocName=en547580","$2.94","8","Flash","128","64","Yes","1024","3862","53","64","64","16","16 MHz, 32 kHz","16","16"," 2 -A/E/USART  , 2 -MSSP(SPI/I2C)  "," 6 - 8-bit , 5 - 16-bit  , 0 - 32-bit"," -40 to 125"," 1.8V - 5.5V"," 64/QFN,64/TQFP"
PIC18F67K90 ,"In Production","http://www.microchip.com/stellent/idcplg?IdcService=SS_GET_PAGE&nodeId=1335&dDocName=en547575","$3.08","8","Flash","128","64","Yes","1024","3828","53","64","64","16","16 MHz, 32 kHz","16","16"," 2 -A/E/USART  , 2 -MSSP(SPI/I2C)  "," 6 - 8-bit , 5 - 16-bit  , 0 - 32-bit"," -40 to 125"," 1.8V - 5.5V"," 64/QFN,64/TQFP"
PIC18F8310 ,"In Production","http://www.microchip.com/stellent/idcplg?IdcService=SS_GET_PAGE&nodeId=1335&dDocName=en019695","$3.01","8","Flash","8","4","No","0","768","70","80","40","10","8 MHz, 32 kHz","12",," 0 -UART  , 2 -A/E/USART  , 0 -SPI  , 0 -I2C  , 1 -MSSP(SPI/I2C)  , 0 -SSP(SPI/I2C)  "," 1 - 8-bit , 3 - 16-bit"," -40 to 125"," 2V - 5.5V"," 80/TQFP"
PIC18F8390 ,"In Production","http://www.microchip.com/stellent/idcplg?IdcService=SS_GET_PAGE&nodeId=1335&dDocName=en019709","$3.15","8","Flash","8","4","No","0","768","66","80","40","10","8 MHz, 32 kHz","12",," 0 -UART  , 2 -A/E/USART  , 0 -SPI  , 0 -I2C  , 1 -MSSP(SPI/I2C)  , 0 -SSP(SPI/I2C)  "," 1 - 8-bit , 3 - 16-bit"," -40 to 125"," 2V - 5.5V"," 80/TQFP"
PIC18F8393 ,"In Production","http://www.microchip.com/stellent/idcplg?IdcService=SS_GET_PAGE&nodeId=1335&dDocName=en530833","$3.43","8","Flash","8","4","No","0","768","66","80","40","10","8 MHz, 32 kHz","12",," 0 -UART  , 2 -A/E/USART  , 0 -SPI  , 0 -I2C  , 1 -MSSP(SPI/I2C)  "," 1 - 8-bit , 3 - 16-bit  , 0 - 32-bit"," -40 to 85"," 2V - 5.5V"," 80/TQFP"
PIC18F83J11 ,"In Production","http://www.microchip.com/stellent/idcplg?IdcService=SS_GET_PAGE&nodeId=1335&dDocName=en026362","$2.11","8","Flash","8","4","Yes","0","1024","70","80","40","10","8 MHz, 32 kHz","12",," 0 -UART  , 2 -A/E/USART  , 0 -SPI  , 0 -I2C  , 1 -MSSP(SPI/I2C)  , 0 -SSP(SPI/I2C)  "," 1 - 8-bit , 3 - 16-bit"," -40 to 85"," 2V - 3.6V"," 80/TQFP"
PIC18F83J90 ,"In Production","http://www.microchip.com/stellent/idcplg?IdcService=SS_GET_PAGE&nodeId=1335&dDocName=en026344","$2.27","8","Flash","8","4","Yes","0","1024","66","80","40","10","8 MHz, 32 kHz","12",," 0 -UART  , 2 -A/E/USART  , 0 -SPI  , 0 -I2C  , 1 -MSSP(SPI/I2C)  "," 1 - 8-bit , 3 - 16-bit  , 0 - 32-bit"," -40 to 85"," 2V - 3.6V"," 80/TQFP"
PIC18F8410 ,"In Production","http://www.microchip.com/stellent/idcplg?IdcService=SS_GET_PAGE&nodeId=1335&dDocName=en010317","$3.36","8","Flash","16","8","No","0","768","70","80","40","10","8 MHz, 32 kHz","12",," 0 -UART  , 2 -A/E/USART  , 0 -SPI  , 0 -I2C  , 1 -MSSP(SPI/I2C)  , 0 -SSP(SPI/I2C)  "," 2 - 8-bit , 3 - 16-bit"," -40 to 125"," 2V - 5.5V"," 80/TQFP"
PIC18F8490 ,"In Production","http://www.microchip.com/stellent/idcplg?IdcService=SS_GET_PAGE&nodeId=1335&dDocName=en010318","$3.50","8","Flash","16","8","No","0","768","66","80","40","10","8 MHz, 32 kHz","12",," 0 -UART  , 2 -A/E/USART  , 0 -SPI  , 0 -I2C  , 1 -MSSP(SPI/I2C)  , 0 -SSP(SPI/I2C)  "," 1 - 8-bit , 3 - 16-bit"," -40 to 125"," 2V - 5.5V"," 80/TQFP"
PIC18F8493 ,"In Production","http://www.microchip.com/stellent/idcplg?IdcService=SS_GET_PAGE&nodeId=1335&dDocName=en530832","$3.78","8","Flash","16","8","No","0","768","66","80","32","8","8 MHz, 32 kHz","12",," 0 -UART  , 2 -A/E/USART  , 0 -SPI  , 0 -I2C  , 1 -MSSP(SPI/I2C)  , 0 -SSP(SPI/I2C)  "," 1 - 8-bit , 3 - 16-bit"," -40 to 85"," 2V - 5.5V"," 80/TQFP"
PIC18F84J11 ,"In Production","http://www.microchip.com/stellent/idcplg?IdcService=SS_GET_PAGE&nodeId=1335&dDocName=en026361","$2.18","8","Flash","16","8","Yes","0","1024","70","80","40","10","8 MHz, 32 kHz","12",," 0 -UART  , 2 -A/E/USART  , 0 -SPI  , 0 -I2C  , 1 -MSSP(SPI/I2C)  , 0 -SSP(SPI/I2C)  "," 1 - 8-bit , 3 - 16-bit"," -40 to 85"," 2V - 3.6V"," 80/TQFP"
PIC18F84J90 ,"In Production","http://www.microchip.com/stellent/idcplg?IdcService=SS_GET_PAGE&nodeId=1335&dDocName=en026343","$2.32","8","Flash","16","8","Yes","0","1024","66","80","40","10","8 MHz, 32 kHz","12",," 0 -UART  , 2 -A/E/USART  , 0 -SPI  , 0 -I2C  , 1 -MSSP(SPI/I2C)  "," 1 - 8-bit , 3 - 16-bit  , 0 - 32-bit"," -40 to 85"," 2V - 3.6V"," 80/TQFP"
PIC18F8520 ,"In Production","http://www.microchip.com/stellent/idcplg?IdcService=SS_GET_PAGE&nodeId=1335&dDocName=en010319","$6.23","8","Flash","32","16","Yes","1024","2048","68","80","40","10",,"16",," 0 -UART  , 2 -A/E/USART  , 0 -SPI  , 0 -I2C  , 1 -MSSP(SPI/I2C)  , 0 -SSP(SPI/I2C)  "," 2 - 8-bit , 3 - 16-bit"," -40 to 125"," 2V - 5.5V"," 80/TQFP"
PIC18F8527 ,"In Production","http://www.microchip.com/stellent/idcplg?IdcService=SS_GET_PAGE&nodeId=1335&dDocName=en021968","$5.04","8","Flash","48","24","Yes","1024","3936","70","80","40","10","8 MHz, 32 kHz","16",," 0 -UART  , 2 -A/E/USART  , 0 -SPI  , 0 -I2C  , 2 -MSSP(SPI/I2C)  "," 2 - 8-bit , 3 - 16-bit  , 0 - 32-bit"," -40 to 85"," 2V - 5.5V"," 80/TQFP"
PIC18F85J10 ,"In Production","http://www.microchip.com/stellent/idcplg?IdcService=SS_GET_PAGE&nodeId=1335&dDocName=en022353","$2.06","8","Flash","32","32","Yes","0","2048","66","80","40","10","32 kHz","15",," 0 -UART  , 2 -A/E/USART  , 0 -SPI  , 0 -I2C  , 2 -MSSP(SPI/I2C)  , 0 -SSP(SPI/I2C)  "," 2 - 8-bit , 3 - 16-bit"," -40 to 85"," 2V - 3.6V"," 80/TQFP"
PIC18F85J11 ,"In Production","http://www.microchip.com/stellent/idcplg?IdcService=SS_GET_PAGE&nodeId=1335&dDocName=en026360","$2.28","8","Flash","32","16","Yes","0","2048","70","80","40","10","8 MHz, 32 kHz","12",," 0 -UART  , 2 -A/E/USART  , 0 -SPI  , 0 -I2C  , 1 -MSSP(SPI/I2C)  , 0 -SSP(SPI/I2C)  "," 1 - 8-bit , 3 - 16-bit"," -40 to 85"," 2V - 3.6V"," 80/TQFP"
PIC18F85J15 ,"In Production","http://www.microchip.com/stellent/idcplg?IdcService=SS_GET_PAGE&nodeId=1335&dDocName=en022352","$2.20","8","Flash","48","24","Yes","0","2048","66","80","40","10","32 kHz","15",," 0 -UART  , 2 -A/E/USART  , 0 -SPI  , 0 -I2C  , 2 -MSSP(SPI/I2C)  , 0 -SSP(SPI/I2C)  "," 2 - 8-bit , 3 - 16-bit"," -40 to 85"," 2V - 3.6V"," 80/TQFP"
PIC18F85J50 ,"In Production","http://www.microchip.com/stellent/idcplg?IdcService=SS_GET_PAGE&nodeId=1335&dDocName=en027176","$2.59","8","Flash","32","16","Yes","0","3904","65","80","48","12","8 MHz, 32 kHz","12",," 0 -UART  , 2 -A/E/USART  , 0 -SPI  , 0 -I2C  , 2 -MSSP(SPI/I2C)  "," 2 - 8-bit , 3 - 16-bit  , 0 - 32-bit"," -40 to 85"," 2V - 3.6V"," 80/TQFP"
PIC18F85J90 ,"In Production","http://www.microchip.com/stellent/idcplg?IdcService=SS_GET_PAGE&nodeId=1335&dDocName=en026342","$2.44","8","Flash","32","16","Yes","0","2048","66","80","40","10","8 MHz, 32 kHz","12",," 0 -UART  , 2 -A/E/USART  , 0 -SPI  , 0 -I2C  , 1 -MSSP(SPI/I2C)  , 0 -SSP(SPI/I2C)  "," 1 - 8-bit , 3 - 16-bit"," -40 to 85"," 2V - 3.6V"," 80/TQFP"
PIC18F85K22 ,"In Production","http://www.microchip.com/stellent/idcplg?IdcService=SS_GET_PAGE&nodeId=1335&dDocName=en547579","$2.66","8","Flash","32","16","Yes","1024","2048","69","80","64","16","16 MHz, 32 kHz","24","24"," 2 -A/E/USART  , 2 -MSSP(SPI/I2C)  "," 4 - 8-bit , 4 - 16-bit  , 0 - 32-bit"," -40 to 125"," 1.8V - 5.5V"," 80/TQFP"
PIC18F85K90 ,"In Production","http://www.microchip.com/stellent/idcplg?IdcService=SS_GET_PAGE&nodeId=1335&dDocName=en547574","$2.80","8","Flash","32","16","Yes","1024","2048","69","80","64","16","16 MHz, 32 kHz","24","24"," 2 -A/E/USART  , 2 -MSSP(SPI/I2C)  "," 4 - 8-bit , 4 - 16-bit  , 0 - 32-bit"," -40 to 125"," 1.8V - 5.5V"," 80/TQFP"
PIC18F8622 ,"In Production","http://www.microchip.com/stellent/idcplg?IdcService=SS_GET_PAGE&nodeId=1335&dDocName=en021967","$5.53","8","Flash","64","32","Yes","1024","3936","70","80","40","10","8 MHz, 32 kHz","16",," 0 -UART  , 2 -A/E/USART  , 0 -SPI  , 0 -I2C  , 2 -MSSP(SPI/I2C)  , 0 -SSP(SPI/I2C)  "," 2 - 8-bit , 3 - 16-bit"," -40 to 85"," 2V - 5.5V"," 80/TQFP"
PIC18F8627 ,"In Production","http://www.microchip.com/stellent/idcplg?IdcService=SS_GET_PAGE&nodeId=1335&dDocName=en530219","$6.44","8","Flash","96","48","Yes","1024","3936","70","80","40","10","8 MHz, 32 kHz","16",," 0 -UART  , 2 -A/E/USART  , 0 -SPI  , 0 -I2C  , 2 -MSSP(SPI/I2C)  "," 2 - 8-bit , 3 - 16-bit  , 0 - 32-bit"," -40 to 125"," 2V - 5.5V"," 80/TQFP"
PIC18F8628 ,"In Production","http://www.microchip.com/stellent/idcplg?IdcService=SS_GET_PAGE&nodeId=1335&dDocName=en530336","$7.55","8","Flash","96","48","Yes","1024","3936","70","80","40","10","8 MHz, 32 kHz","16",," 0 -UART  , 2 -A/E/USART  , 0 -SPI  , 0 -I2C  , 2 -MSSP(SPI/I2C)  , 0 -SSP(SPI/I2C)  "," 2 - 8-bit , 3 - 16-bit"," -40 to 125"," 2V - 5.5V"," 80/TQFP"
PIC18F86J10 ,"In Production","http://www.microchip.com/stellent/idcplg?IdcService=SS_GET_PAGE&nodeId=1335&dDocName=en022351","$2.32","8","Flash","64","32","Yes","0","2048","66","80","40","10","32 kHz","15",," 0 -UART  , 2 -A/E/USART  , 0 -SPI  , 0 -I2C  , 2 -MSSP(SPI/I2C)  , 0 -SSP(SPI/I2C)  "," 2 - 8-bit , 3 - 16-bit"," -40 to 85"," 2V - 3.6V"," 80/TQFP"
PIC18F86J11 ,"In Production","http://www.microchip.com/stellent/idcplg?IdcService=SS_GET_PAGE&nodeId=1335&dDocName=en027151","$2.59","8","Flash","64","32","Yes","0","3904","66","80","48","12","8 MHz, 32 kHz","12",," 0 -UART  , 2 -A/E/USART  , 0 -SPI  , 0 -I2C  , 2 -MSSP(SPI/I2C)  , 0 -SSP(SPI/I2C)  "," 2 - 8-bit , 3 - 16-bit"," -40 to 85"," 2V - 3.6V"," 80/TQFP"
PIC18F86J15 ,"In Production","http://www.microchip.com/stellent/idcplg?IdcService=SS_GET_PAGE&nodeId=1335&dDocName=en020088","$2.44","8","Flash","96","48","Yes","0","3936","66","80","40","10","32 kHz","15",," 0 -UART  , 2 -A/E/USART  , 0 -SPI  , 0 -I2C  , 2 -MSSP(SPI/I2C)  , 0 -SSP(SPI/I2C)  "," 2 - 8-bit , 3 - 16-bit"," -40 to 85"," 2V - 3.6V"," 80/TQFP"
PIC18F86J16 ,"In Production","http://www.microchip.com/stellent/idcplg?IdcService=SS_GET_PAGE&nodeId=1335&dDocName=en027150","$2.70","8","Flash","96","48","Yes","0","3904","66","80","48","12","8 MHz, 32 kHz","12",," 0 -UART  , 2 -A/E/USART  , 0 -SPI  , 0 -I2C  , 2 -MSSP(SPI/I2C)  , 0 -SSP(SPI/I2C)  "," 2 - 8-bit , 3 - 16-bit"," -40 to 85"," 2V - 3.6V"," 80/TQFP"
PIC18F86J50 ,"In Production","http://www.microchip.com/stellent/idcplg?IdcService=SS_GET_PAGE&nodeId=1335&dDocName=en027175","$2.86","8","Flash","64","32","Yes","0","3904","65","80","48","12","8 MHz, 32 kHz","12",," 0 -UART  , 2 -A/E/USART  , 0 -SPI  , 0 -I2C  , 2 -MSSP(SPI/I2C)  "," 2 - 8-bit , 3 - 16-bit  , 0 - 32-bit"," -40 to 85"," 2V - 3.6V"," 80/TQFP"
PIC18F86J55 ,"In Production","http://www.microchip.com/stellent/idcplg?IdcService=SS_GET_PAGE&nodeId=1335&dDocName=en027181","$2.98","8","Flash","96","48","Yes","0","3904","66","80","48","12","8 MHz, 32 kHz","12",," 0 -UART  , 2 -A/E/USART  , 0 -SPI  , 0 -I2C  , 2 -MSSP(SPI/I2C)  "," 2 - 8-bit , 3 - 16-bit  , 0 - 32-bit"," -40 to 85"," 2V - 3.6V"," 80/TQFP"
PIC18F86J60 ,"In Production","http://www.microchip.com/stellent/idcplg?IdcService=SS_GET_PAGE&nodeId=1335&dDocName=en026444","$3.32","8","Flash","64","32","Yes","0","3808","55","80","42","10.5","32 kHz","15",," 0 -UART  , 2 -A/E/USART  , 0 -SPI  , 0 -I2C  , 1 -MSSP(SPI/I2C)  "," 2 - 8-bit , 3 - 16-bit  , 0 - 32-bit"," -40 to 85"," 2V - 3.6V"," 80/TQFP"
PIC18F86J65 ,"In Production","http://www.microchip.com/stellent/idcplg?IdcService=SS_GET_PAGE&nodeId=1335&dDocName=en026443","$3.44","8","Flash","96","48","Yes","0","3808","55","80","42","10.5","32 kHz","15",," 0 -UART  , 2 -A/E/USART  , 0 -SPI  , 0 -I2C  , 1 -MSSP(SPI/I2C)  "," 2 - 8-bit , 3 - 16-bit  , 0 - 32-bit"," -40 to 85"," 2V - 3.6V"," 80/TQFP"
PIC18F86J72 ,"In Production","http://www.microchip.com/stellent/idcplg?IdcService=SS_GET_PAGE&nodeId=1335&dDocName=en550273","$4.12","8","Flash","64","32","Yes","0","3923","51","80","48","12","8 MHz, 32 kHz","2",," 2 -A/E/USART  , 1 -MSSP(SPI/I2C)  "," 3 - 8-bit , 1 - 16-bit  , 0 - 32-bit"," -40 to 85"," 2V - 3.6V"," 80/TQFP"
PIC18F86J90 ,"In Production","http://www.microchip.com/stellent/idcplg?IdcService=SS_GET_PAGE&nodeId=1335&dDocName=en536111","$2.73","8","Flash","64","32","Yes","0","3900","67","80","48","12","8 MHz, 32 kHz","12","12"," 2 -A/E/USART  , 1 -MSSP(SPI/I2C)  "," 1 - 8-bit , 3 - 16-bit  , 0 - 32-bit"," -40 to 85"," 2V - 3.6V"," 80/TQFP"
PIC18F86J93 ,"In Production","http://www.microchip.com/stellent/idcplg?IdcService=SS_GET_PAGE&nodeId=1335&dDocName=en541411","$2.88","8","Flash","64","32","Yes","0","3900","67","80","48","12","8 MHz, 32 kHz","12","12"," 2 -A/E/USART  , 1 -MSSP(SPI/I2C)  "," 1 - 8-bit , 3 - 16-bit  , 0 - 32-bit"," -40 to 85"," 2V - 3.6V"," 80/TQFP"
PIC18F86K22 ,"In Production","http://www.microchip.com/stellent/idcplg?IdcService=SS_GET_PAGE&nodeId=1335&dDocName=en547578","$2.97","8","Flash","64","32","Yes","1024","3862","69","80","64","16","16 MHz, 32 kHz","24","24"," 2 -A/E/USART  , 2 -MSSP(SPI/I2C)  "," 6 - 8-bit , 5 - 16-bit  , 0 - 32-bit"," -40 to 125"," 1.8V - 5.5V"," 80/TQFP"
PIC18F86K22 ,"In Production","http://www.microchip.com/stellent/idcplg?IdcService=SS_GET_PAGE&nodeId=1335&dDocName=en547578","$2.97","8","Flash","64","32","No","1024","3862","69","80","64","16","16 MHz, 32 kHz","24","24"," 2 -A/E/USART  , 2 -MSSP(SPI/I2C)  "," 6 - 8-bit , 5 - 16-bit  , 0 - 32-bit"," -40 to 125"," 1.8V - 5.5V","Please call for package information"
PIC18F86K90 ,"In Production","http://www.microchip.com/stellent/idcplg?IdcService=SS_GET_PAGE&nodeId=1335&dDocName=en547573","$3.11","8","Flash","64","32","Yes","1024","3828","69","80","64","16","16 MHz, 32 kHz","24","24"," 2 -A/E/USART  , 0 -I2C  , 2 -MSSP(SPI/I2C)  "," 6 - 8-bit , 5 - 16-bit  , 0 - 32-bit"," -40 to 125"," 1.8V - 5.5V"," 80/TQFP"
PIC18F8722 ,"In Production","http://www.microchip.com/stellent/idcplg?IdcService=SS_GET_PAGE&nodeId=1335&dDocName=en010327","$7.28","8","Flash","128","64","Yes","1024","3936","70","80","40","10","8 MHz, 32 kHz","16",," 0 -UART  , 2 -A/E/USART  , 0 -SPI  , 0 -I2C  , 2 -MSSP(SPI/I2C)  , 0 -SSP(SPI/I2C)  "," 2 - 8-bit , 3 - 16-bit"," -40 to 125"," 2V - 5.5V"," 80/TQFP"
PIC18F8723 ,"In Production","http://www.microchip.com/stellent/idcplg?IdcService=SS_GET_PAGE&nodeId=1335&dDocName=en530218","$8.44","8","Flash","128","64","Yes","1024","3936","70","80","40","10","8 MHz, 32 kHz","16",," 0 -UART  , 2 -A/E/USART  , 0 -SPI  , 0 -I2C  , 2 -MSSP(SPI/I2C)  , 0 -SSP(SPI/I2C)  "," 2 - 8-bit , 3 - 16-bit"," -40 to 125"," 2V - 5.5V"," 80/TQFP"
PIC18F87J10 ,"In Production","http://www.microchip.com/stellent/idcplg?IdcService=SS_GET_PAGE&nodeId=1335&dDocName=en020071","$2.55","8","Flash","128","64","Yes","0","3936","66","80","40","10","32 kHz","15",," 0 -UART  , 2 -A/E/USART  , 0 -SPI  , 0 -I2C  , 2 -MSSP(SPI/I2C)  , 0 -SSP(SPI/I2C)  "," 2 - 8-bit , 3 - 16-bit"," -40 to 85"," 2V - 3.6V"," 80/TQFP"
PIC18F87J11 ,"In Production","http://www.microchip.com/stellent/idcplg?IdcService=SS_GET_PAGE&nodeId=1335&dDocName=en027149","$2.83","8","Flash","128","64","Yes","0","3904","66","80","48","12","8 MHz, 32 kHz","12",," 0 -UART  , 2 -A/E/USART  , 0 -SPI  , 0 -I2C  , 2 -MSSP(SPI/I2C)  , 0 -SSP(SPI/I2C)  "," 2 - 8-bit , 3 - 16-bit"," -40 to 85"," 2V - 3.6V"," 80/TQFP"
PIC18F87J50 ,"In Production","http://www.microchip.com/stellent/idcplg?IdcService=SS_GET_PAGE&nodeId=1335&dDocName=en027172","$3.09","8","Flash","128","64","Yes","0","3904","65","80","48","12","8 MHz, 32 kHz","12",," 0 -UART  , 2 -A/E/USART  , 0 -SPI  , 0 -I2C  , 2 -MSSP(SPI/I2C)  "," 2 - 8-bit , 3 - 16-bit  , 0 - 32-bit"," -40 to 85"," 2V - 3.6V"," 80/TQFP"
PIC18F87J60 ,"In Production","http://www.microchip.com/stellent/idcplg?IdcService=SS_GET_PAGE&nodeId=1335&dDocName=en026442","$3.56","8","Flash","128","64","Yes","0","3808","55","80","42","10.5","32 kHz","15",," 0 -UART  , 2 -A/E/USART  , 0 -SPI  , 0 -I2C  , 1 -MSSP(SPI/I2C)  "," 2 - 8-bit , 3 - 16-bit  , 0 - 32-bit"," -40 to 85"," 2V - 3.6V"," 80/TQFP"
PIC18F87J72 ,"In Production","http://www.microchip.com/stellent/idcplg?IdcService=SS_GET_PAGE&nodeId=1335&dDocName=en550260","$4.35","8","Flash","128","64","Yes","0","3923","51","80","48","12","8 MHz, 32 kHz","2","12"," 2 -A/E/USART  , 1 -MSSP(SPI/I2C)  "," 3 - 8-bit , 1 - 16-bit  , 0 - 32-bit"," -40 to 85"," 2V - 3.6V"," 80/TQFP"
PIC18F87J90 ,"In Production","http://www.microchip.com/stellent/idcplg?IdcService=SS_GET_PAGE&nodeId=1335&dDocName=en536103","$2.98","8","Flash","128","64","Yes","0","3900","67","80","48","12","8 MHz, 32 kHz","12","12"," 2 -A/E/USART  , 1 -MSSP(SPI/I2C)  "," 1 - 8-bit , 3 - 16-bit  , 0 - 32-bit"," -40 to 85"," 2V - 3.6V"," 80/TQFP"
PIC18F87J93 ,"In Production","http://www.microchip.com/stellent/idcplg?IdcService=SS_GET_PAGE&nodeId=1335&dDocName=en541241","$3.12","8","Flash","128","64","Yes","0","3900","67","80","48","12","8 MHz, 32 kHz","12","12"," 2 -A/E/USART  , 1 -MSSP(SPI/I2C)  "," 1 - 8-bit , 3 - 16-bit  , 0 - 32-bit"," -40 to 85"," 2V - 3.6V"," 80/TQFP"
PIC18F87K22 ,"In Production","http://www.microchip.com/stellent/idcplg?IdcService=SS_GET_PAGE&nodeId=1335&dDocName=en546891","$3.21","8","Flash","128","64","Yes","1024","3862","69","80","64","16","16 MHz, 32 kHz","24","24"," 0 -UART  , 2 -A/E/USART  , 2 -MSSP(SPI/I2C)  , 0 -SSP(SPI/I2C)  "," 6 - 8-bit , 5 - 16-bit  , 0 - 32-bit"," -40 to 125"," 1.8V - 5.5V"," 80/TQFP"
PIC18F87K90 ,"In Production","http://www.microchip.com/stellent/idcplg?IdcService=SS_GET_PAGE&nodeId=1335&dDocName=en547324","$3.35","8","Flash","128","64","Yes","1024","4096","69","80","64","16","16 MHz, 32 kHz","24",," 2 -A/E/USART  , 2 -MSSP(SPI/I2C)  "," 6 - 8-bit , 5 - 16-bit  , 0 - 32-bit"," -40 to 125"," 1.8V - 5.5V"," 80/TQFP"
PIC18F96J60 ,"In Production","http://www.microchip.com/stellent/idcplg?IdcService=SS_GET_PAGE&nodeId=1335&dDocName=en026441","$3.53","8","Flash","64","32","Yes","0","3808","70","100","42","10.5","32 kHz","16",," 0 -UART  , 2 -A/E/USART  , 0 -SPI  , 0 -I2C  , 2 -MSSP(SPI/I2C)  "," 2 - 8-bit , 3 - 16-bit  , 0 - 32-bit"," -40 to 85"," 2V - 3.6V"," 100/TQFP"
PIC18F96J65 ,"In Production","http://www.microchip.com/stellent/idcplg?IdcService=SS_GET_PAGE&nodeId=1335&dDocName=en026440","$3.65","8","Flash","96","48","Yes","0","3808","70","100","42","10.5","32 kHz","16",," 0 -UART  , 2 -A/E/USART  , 0 -SPI  , 0 -I2C  , 2 -MSSP(SPI/I2C)  "," 2 - 8-bit , 3 - 16-bit  , 0 - 32-bit"," -40 to 85"," 2V - 3.6V"," 100/TQFP"
PIC18F97J60 ,"In Production","http://www.microchip.com/stellent/idcplg?IdcService=SS_GET_PAGE&nodeId=1335&dDocName=en026439","$3.77","8","Flash","128","64","Yes","0","3808","70","100","42","10.5","32 kHz","16",," 0 -UART  , 2 -A/E/USART  , 0 -SPI  , 0 -I2C  , 2 -MSSP(SPI/I2C)  "," 2 - 8-bit , 3 - 16-bit  , 0 - 32-bit"," -40 to 85"," 2V - 3.6V"," 100/TQFP"
